2026-05-07 22:09:43,006 [INFO] main: === Swing scan starting ===
2026-05-07 22:09:44,330 [INFO] chartink_scanner: Chartink scan 'momentum_breakout' returned 142 rows
2026-05-07 22:09:44,985 [INFO] chartink_scanner: Chartink scan 'macd_bullish_cross' returned 67 rows
2026-05-07 22:09:45,512 [INFO] chartink_scanner: Chartink scan 'ema20_pullback' returned 200 rows
2026-05-07 22:09:45,881 [INFO] chartink_scanner: Chartink scan 'near_52w_high_breakout' returned 60 rows
2026-05-07 22:09:46,342 [INFO] chartink_scanner: Chartink scan 'volume_spike_bull' returned 99 rows
2026-05-07 22:09:46,572 [INFO] chartink_scanner: Chartink scan 'vcp_squeeze' returned 48 rows
2026-05-07 22:09:46,573 [INFO] main: Total raw hits: 616
2026-05-07 22:09:46,575 [INFO] main: After dedupe: 460 unique candidates
2026-05-07 22:10:16,851 [ERROR] yfinance: Failed to get ticker 'SALZERELEC.NS' reason: Failed to perform, curl: (28) Operation timed out after 10013 milliseconds with 0 bytes received. See https://curl.se/libcurl/c/libcurl-errors.html first for more details.
2026-05-07 22:10:47,329 [ERROR] yfinance: 
1 Failed download:
2026-05-07 22:10:47,329 [ERROR] yfinance: ['SALZERELEC.NS']: Timeout('Failed to perform, curl: (28) Recv failure: Connection was reset. See https://curl.se/libcurl/c/libcurl-errors.html first for more details.')
2026-05-07 22:10:47,331 [INFO] analyzer: No OHLC for SALZERELEC, skipping
2026-05-07 22:10:47,338 [ERROR] yfinance: Failed to get ticker 'SUNDRMBRAK.NS' reason: Failed to perform, curl: (6) Could not resolve host: query2.finance.yahoo.com. See https://curl.se/libcurl/c/libcurl-errors.html first for more details.
2026-05-07 22:10:47,343 [ERROR] yfinance: 
1 Failed download:
2026-05-07 22:10:47,343 [ERROR] yfinance: ['SUNDRMBRAK.NS']: DNSError('Failed to perform, curl: (6) Could not resolve host: query2.finance.yahoo.com. See https://curl.se/libcurl/c/libcurl-errors.html first for more details.')
2026-05-07 22:10:47,345 [INFO] analyzer: No OHLC for SUNDRMBRAK, skipping
2026-05-07 22:10:47,351 [ERROR] yfinance: Failed to get ticker 'KSHINTL.NS' reason: Failed to perform, curl: (6) Could not resolve host: query2.finance.yahoo.com. See https://curl.se/libcurl/c/libcurl-errors.html first for more details.
2026-05-07 22:10:47,356 [ERROR] yfinance: $KSHINTL.NS: possibly delisted; no price data found  (period=9mo)
2026-05-07 22:10:47,357 [ERROR] yfinance: 
1 Failed download:
2026-05-07 22:10:47,357 [ERROR] yfinance: ['KSHINTL.NS']: possibly delisted; no price data found  (period=9mo)
2026-05-07 22:10:47,358 [INFO] analyzer: No OHLC for KSHINTL, skipping
2026-05-07 22:10:47,364 [ERROR] yfinance: Failed to get ticker 'PRICOLLTD.NS' reason: Failed to perform, curl: (6) Could not resolve host: query2.finance.yahoo.com. See https://curl.se/libcurl/c/libcurl-errors.html first for more details.
2026-05-07 22:10:47,368 [ERROR] yfinance: $PRICOLLTD.NS: possibly delisted; no price data found  (period=9mo)
2026-05-07 22:10:47,369 [ERROR] yfinance: 
1 Failed download:
2026-05-07 22:10:47,369 [ERROR] yfinance: ['PRICOLLTD.NS']: possibly delisted; no price data found  (period=9mo)
2026-05-07 22:10:47,371 [INFO] analyzer: No OHLC for PRICOLLTD, skipping
2026-05-07 22:10:47,376 [ERROR] yfinance: $MAYURUNIQ.NS: possibly delisted; no price data found  (period=9mo)
2026-05-07 22:10:47,382 [ERROR] yfinance: 
1 Failed download:
2026-05-07 22:10:47,383 [ERROR] yfinance: ['MAYURUNIQ.NS']: possibly delisted; no price data found  (period=9mo)
2026-05-07 22:10:47,384 [INFO] analyzer: No OHLC for MAYURUNIQ, skipping
2026-05-07 22:10:47,391 [ERROR] yfinance: Failed to get ticker 'SIYSIL.NS' reason: Failed to perform, curl: (6) Could not resolve host: query2.finance.yahoo.com. See https://curl.se/libcurl/c/libcurl-errors.html first for more details.
2026-05-07 22:10:47,395 [ERROR] yfinance: $SIYSIL.NS: possibly delisted; no price data found  (period=9mo)
2026-05-07 22:10:47,395 [ERROR] yfinance: 
1 Failed download:
2026-05-07 22:10:47,396 [ERROR] yfinance: ['SIYSIL.NS']: possibly delisted; no price data found  (period=9mo)
2026-05-07 22:10:47,397 [INFO] analyzer: No OHLC for SIYSIL, skipping
2026-05-07 22:10:47,403 [ERROR] yfinance: Failed to get ticker 'MOLDTKPAC.NS' reason: Failed to perform, curl: (6) Could not resolve host: query2.finance.yahoo.com. See https://curl.se/libcurl/c/libcurl-errors.html first for more details.
2026-05-07 22:10:47,408 [ERROR] yfinance: $MOLDTKPAC.NS: possibly delisted; no price data found  (period=9mo)
2026-05-07 22:10:47,409 [ERROR] yfinance: 
1 Failed download:
2026-05-07 22:10:47,410 [ERROR] yfinance: ['MOLDTKPAC.NS']: possibly delisted; no price data found  (period=9mo)
2026-05-07 22:10:47,411 [INFO] analyzer: No OHLC for MOLDTKPAC, skipping
2026-05-07 22:10:47,417 [ERROR] yfinance: Failed to get ticker 'TCIEXP.NS' reason: Failed to perform, curl: (6) Could not resolve host: query2.finance.yahoo.com. See https://curl.se/libcurl/c/libcurl-errors.html first for more details.
2026-05-07 22:10:47,422 [ERROR] yfinance: $TCIEXP.NS: possibly delisted; no price data found  (period=9mo)
2026-05-07 22:10:47,422 [ERROR] yfinance: 
1 Failed download:
2026-05-07 22:10:47,423 [ERROR] yfinance: ['TCIEXP.NS']: possibly delisted; no price data found  (period=9mo)
2026-05-07 22:10:47,424 [INFO] analyzer: No OHLC for TCIEXP, skipping
2026-05-07 22:10:47,431 [ERROR] yfinance: Failed to get ticker 'HINDCOPPER.NS' reason: Failed to perform, curl: (6) Could not resolve host: query2.finance.yahoo.com. See https://curl.se/libcurl/c/libcurl-errors.html first for more details.
2026-05-07 22:10:47,436 [ERROR] yfinance: $HINDCOPPER.NS: possibly delisted; no price data found  (period=9mo)
2026-05-07 22:10:47,445 [ERROR] yfinance: 
1 Failed download:
2026-05-07 22:10:47,446 [ERROR] yfinance: ['HINDCOPPER.NS']: possibly delisted; no price data found  (period=9mo)
2026-05-07 22:10:47,447 [INFO] analyzer: No OHLC for HINDCOPPER, skipping
2026-05-07 22:10:47,453 [ERROR] yfinance: Failed to get ticker 'BORORENEW.NS' reason: Failed to perform, curl: (6) Could not resolve host: query2.finance.yahoo.com. See https://curl.se/libcurl/c/libcurl-errors.html first for more details.
2026-05-07 22:10:47,458 [ERROR] yfinance: $BORORENEW.NS: possibly delisted; no price data found  (period=9mo)
2026-05-07 22:10:47,458 [ERROR] yfinance: 
1 Failed download:
2026-05-07 22:10:47,459 [ERROR] yfinance: ['BORORENEW.NS']: possibly delisted; no price data found  (period=9mo)
2026-05-07 22:10:47,461 [INFO] analyzer: No OHLC for BORORENEW, skipping
2026-05-07 22:10:47,466 [ERROR] yfinance: Failed to get ticker 'VARROC.NS' reason: Failed to perform, curl: (6) Could not resolve host: query2.finance.yahoo.com. See https://curl.se/libcurl/c/libcurl-errors.html first for more details.
2026-05-07 22:10:47,471 [ERROR] yfinance: $VARROC.NS: possibly delisted; no price data found  (period=9mo)
2026-05-07 22:10:47,472 [ERROR] yfinance: 
1 Failed download:
2026-05-07 22:10:47,472 [ERROR] yfinance: ['VARROC.NS']: possibly delisted; no price data found  (period=9mo)
2026-05-07 22:10:47,473 [INFO] analyzer: No OHLC for VARROC, skipping
2026-05-07 22:10:47,479 [ERROR] yfinance: Failed to get ticker 'UNIPARTS.NS' reason: Failed to perform, curl: (6) Could not resolve host: query2.finance.yahoo.com. See https://curl.se/libcurl/c/libcurl-errors.html first for more details.
2026-05-07 22:10:47,484 [ERROR] yfinance: $UNIPARTS.NS: possibly delisted; no price data found  (period=9mo)
2026-05-07 22:10:47,484 [ERROR] yfinance: 
1 Failed download:
2026-05-07 22:10:47,485 [ERROR] yfinance: ['UNIPARTS.NS']: possibly delisted; no price data found  (period=9mo)
2026-05-07 22:10:47,486 [INFO] analyzer: No OHLC for UNIPARTS, skipping
2026-05-07 22:10:47,493 [ERROR] yfinance: $SRHHYPOLTD.NS: possibly delisted; no price data found  (period=9mo)
2026-05-07 22:10:47,497 [ERROR] yfinance: 
1 Failed download:
2026-05-07 22:10:47,497 [ERROR] yfinance: ['SRHHYPOLTD.NS']: possibly delisted; no price data found  (period=9mo)
2026-05-07 22:10:47,499 [INFO] analyzer: No OHLC for SRHHYPOLTD, skipping
2026-05-07 22:10:47,505 [ERROR] yfinance: Failed to get ticker 'NINSYS.NS' reason: Failed to perform, curl: (6) Could not resolve host: query2.finance.yahoo.com. See https://curl.se/libcurl/c/libcurl-errors.html first for more details.
2026-05-07 22:10:47,509 [ERROR] yfinance: $NINSYS.NS: possibly delisted; no price data found  (period=9mo)
2026-05-07 22:10:47,510 [ERROR] yfinance: 
1 Failed download:
2026-05-07 22:10:47,510 [ERROR] yfinance: ['NINSYS.NS']: possibly delisted; no price data found  (period=9mo)
2026-05-07 22:10:47,512 [INFO] analyzer: No OHLC for NINSYS, skipping
2026-05-07 22:10:47,518 [ERROR] yfinance: Failed to get ticker 'ROSSARI.NS' reason: Failed to perform, curl: (6) Could not resolve host: query2.finance.yahoo.com. See https://curl.se/libcurl/c/libcurl-errors.html first for more details.
2026-05-07 22:10:47,523 [ERROR] yfinance: $ROSSARI.NS: possibly delisted; no price data found  (period=9mo)
2026-05-07 22:10:47,523 [ERROR] yfinance: 
1 Failed download:
2026-05-07 22:10:47,523 [ERROR] yfinance: ['ROSSARI.NS']: possibly delisted; no price data found  (period=9mo)
2026-05-07 22:10:47,526 [INFO] analyzer: No OHLC for ROSSARI, skipping
2026-05-07 22:10:47,531 [ERROR] yfinance: Failed to get ticker 'SANDHAR.NS' reason: Failed to perform, curl: (6) Could not resolve host: query2.finance.yahoo.com. See https://curl.se/libcurl/c/libcurl-errors.html first for more details.
2026-05-07 22:10:47,535 [ERROR] yfinance: $SANDHAR.NS: possibly delisted; no price data found  (period=9mo)
2026-05-07 22:10:47,537 [ERROR] yfinance: 
1 Failed download:
2026-05-07 22:10:47,537 [ERROR] yfinance: ['SANDHAR.NS']: possibly delisted; no price data found  (period=9mo)
2026-05-07 22:10:47,539 [INFO] analyzer: No OHLC for SANDHAR, skipping
2026-05-07 22:10:47,545 [ERROR] yfinance: Failed to get ticker 'MARATHON.NS' reason: Failed to perform, curl: (6) Could not resolve host: query2.finance.yahoo.com. See https://curl.se/libcurl/c/libcurl-errors.html first for more details.
2026-05-07 22:10:47,549 [ERROR] yfinance: $MARATHON.NS: possibly delisted; no price data found  (period=9mo)
2026-05-07 22:10:47,549 [ERROR] yfinance: 
1 Failed download:
2026-05-07 22:10:47,550 [ERROR] yfinance: ['MARATHON.NS']: possibly delisted; no price data found  (period=9mo)
2026-05-07 22:10:47,551 [INFO] analyzer: No OHLC for MARATHON, skipping
2026-05-07 22:10:47,558 [ERROR] yfinance: Failed to get ticker 'TVSELECT.NS' reason: Failed to perform, curl: (6) Could not resolve host: query2.finance.yahoo.com. See https://curl.se/libcurl/c/libcurl-errors.html first for more details.
2026-05-07 22:10:47,563 [ERROR] yfinance: $TVSELECT.NS: possibly delisted; no price data found  (period=9mo)
2026-05-07 22:10:47,572 [ERROR] yfinance: 
1 Failed download:
2026-05-07 22:10:47,572 [ERROR] yfinance: ['TVSELECT.NS']: possibly delisted; no price data found  (period=9mo)
2026-05-07 22:10:47,574 [INFO] analyzer: No OHLC for TVSELECT, skipping
2026-05-07 22:10:47,580 [ERROR] yfinance: $APOLLOPIPE.NS: possibly delisted; no price data found  (period=9mo)
2026-05-07 22:10:47,585 [ERROR] yfinance: 
1 Failed download:
2026-05-07 22:10:47,585 [ERROR] yfinance: ['APOLLOPIPE.NS']: possibly delisted; no price data found  (period=9mo)
2026-05-07 22:10:47,586 [INFO] analyzer: No OHLC for APOLLOPIPE, skipping
2026-05-07 22:10:47,593 [ERROR] yfinance: Failed to get ticker 'BERGEPAINT.NS' reason: Failed to perform, curl: (6) Could not resolve host: query2.finance.yahoo.com. See https://curl.se/libcurl/c/libcurl-errors.html first for more details.
2026-05-07 22:10:47,597 [ERROR] yfinance: $BERGEPAINT.NS: possibly delisted; no price data found  (period=9mo)
2026-05-07 22:10:47,597 [ERROR] yfinance: 
1 Failed download:
2026-05-07 22:10:47,598 [ERROR] yfinance: ['BERGEPAINT.NS']: possibly delisted; no price data found  (period=9mo)
2026-05-07 22:10:47,600 [INFO] analyzer: No OHLC for BERGEPAINT, skipping
2026-05-07 22:10:47,605 [ERROR] yfinance: Failed to get ticker 'BFINVEST.NS' reason: Failed to perform, curl: (6) Could not resolve host: query2.finance.yahoo.com. See https://curl.se/libcurl/c/libcurl-errors.html first for more details.
2026-05-07 22:10:47,609 [ERROR] yfinance: $BFINVEST.NS: possibly delisted; no price data found  (period=9mo)
2026-05-07 22:10:47,611 [ERROR] yfinance: 
1 Failed download:
2026-05-07 22:10:47,611 [ERROR] yfinance: ['BFINVEST.NS']: possibly delisted; no price data found  (period=9mo)
2026-05-07 22:10:47,612 [INFO] analyzer: No OHLC for BFINVEST, skipping
2026-05-07 22:10:47,618 [ERROR] yfinance: Failed to get ticker 'GNA.NS' reason: Failed to perform, curl: (6) Could not resolve host: query2.finance.yahoo.com. See https://curl.se/libcurl/c/libcurl-errors.html first for more details.
2026-05-07 22:10:47,623 [ERROR] yfinance: $GNA.NS: possibly delisted; no price data found  (period=9mo)
2026-05-07 22:10:47,623 [ERROR] yfinance: 
1 Failed download:
2026-05-07 22:10:47,623 [ERROR] yfinance: ['GNA.NS']: possibly delisted; no price data found  (period=9mo)
2026-05-07 22:10:47,625 [INFO] analyzer: No OHLC for GNA, skipping
2026-05-07 22:10:47,631 [ERROR] yfinance: Failed to get ticker 'HARSHA.NS' reason: Failed to perform, curl: (6) Could not resolve host: query2.finance.yahoo.com. See https://curl.se/libcurl/c/libcurl-errors.html first for more details.
2026-05-07 22:10:47,636 [ERROR] yfinance: $HARSHA.NS: possibly delisted; no price data found  (period=9mo)
2026-05-07 22:10:47,646 [ERROR] yfinance: 
1 Failed download:
2026-05-07 22:10:47,646 [ERROR] yfinance: ['HARSHA.NS']: possibly delisted; no price data found  (period=9mo)
2026-05-07 22:10:47,648 [INFO] analyzer: No OHLC for HARSHA, skipping
2026-05-07 22:10:47,653 [ERROR] yfinance: Failed to get ticker 'CHEMFAB.NS' reason: Failed to perform, curl: (6) Could not resolve host: query2.finance.yahoo.com. See https://curl.se/libcurl/c/libcurl-errors.html first for more details.
2026-05-07 22:10:47,657 [ERROR] yfinance: $CHEMFAB.NS: possibly delisted; no price data found  (period=9mo)
2026-05-07 22:10:47,659 [ERROR] yfinance: 
1 Failed download:
2026-05-07 22:10:47,659 [ERROR] yfinance: ['CHEMFAB.NS']: possibly delisted; no price data found  (period=9mo)
2026-05-07 22:10:47,661 [INFO] analyzer: No OHLC for CHEMFAB, skipping
2026-05-07 22:10:47,667 [ERROR] yfinance: Failed to get ticker 'MIDHANI.NS' reason: Failed to perform, curl: (6) Could not resolve host: query2.finance.yahoo.com. See https://curl.se/libcurl/c/libcurl-errors.html first for more details.
2026-05-07 22:10:47,672 [ERROR] yfinance: $MIDHANI.NS: possibly delisted; no price data found  (period=9mo)
2026-05-07 22:10:47,672 [ERROR] yfinance: 
1 Failed download:
2026-05-07 22:10:47,672 [ERROR] yfinance: ['MIDHANI.NS']: possibly delisted; no price data found  (period=9mo)
2026-05-07 22:10:47,674 [INFO] analyzer: No OHLC for MIDHANI, skipping
2026-05-07 22:10:47,680 [ERROR] yfinance: Failed to get ticker 'IIFLCAPS.NS' reason: Failed to perform, curl: (6) Could not resolve host: query2.finance.yahoo.com. See https://curl.se/libcurl/c/libcurl-errors.html first for more details.
2026-05-07 22:10:47,685 [ERROR] yfinance: $IIFLCAPS.NS: possibly delisted; no price data found  (period=9mo)
2026-05-07 22:10:47,695 [ERROR] yfinance: 
1 Failed download:
2026-05-07 22:10:47,695 [ERROR] yfinance: ['IIFLCAPS.NS']: possibly delisted; no price data found  (period=9mo)
2026-05-07 22:10:47,697 [INFO] analyzer: No OHLC for IIFLCAPS, skipping
2026-05-07 22:10:47,702 [ERROR] yfinance: Failed to get ticker 'QUADFUTURE.NS' reason: Failed to perform, curl: (6) Could not resolve host: query2.finance.yahoo.com. See https://curl.se/libcurl/c/libcurl-errors.html first for more details.
2026-05-07 22:10:47,706 [ERROR] yfinance: $QUADFUTURE.NS: possibly delisted; no price data found  (period=9mo)
2026-05-07 22:10:47,708 [ERROR] yfinance: 
1 Failed download:
2026-05-07 22:10:47,708 [ERROR] yfinance: ['QUADFUTURE.NS']: possibly delisted; no price data found  (period=9mo)
2026-05-07 22:10:47,710 [INFO] analyzer: No OHLC for QUADFUTURE, skipping
2026-05-07 22:10:47,715 [ERROR] yfinance: Failed to get ticker 'BANSALWIRE.NS' reason: Failed to perform, curl: (6) Could not resolve host: query2.finance.yahoo.com. See https://curl.se/libcurl/c/libcurl-errors.html first for more details.
2026-05-07 22:10:47,720 [ERROR] yfinance: $BANSALWIRE.NS: possibly delisted; no price data found  (period=9mo)
2026-05-07 22:10:47,720 [ERROR] yfinance: 
1 Failed download:
2026-05-07 22:10:47,721 [ERROR] yfinance: ['BANSALWIRE.NS']: possibly delisted; no price data found  (period=9mo)
2026-05-07 22:10:47,723 [INFO] analyzer: No OHLC for BANSALWIRE, skipping
2026-05-07 22:10:47,728 [ERROR] yfinance: Failed to get ticker 'MONARCH.NS' reason: Failed to perform, curl: (6) Could not resolve host: query2.finance.yahoo.com. See https://curl.se/libcurl/c/libcurl-errors.html first for more details.
2026-05-07 22:10:47,733 [ERROR] yfinance: $MONARCH.NS: possibly delisted; no price data found  (period=9mo)
2026-05-07 22:10:47,733 [ERROR] yfinance: 
1 Failed download:
2026-05-07 22:10:47,734 [ERROR] yfinance: ['MONARCH.NS']: possibly delisted; no price data found  (period=9mo)
2026-05-07 22:10:47,735 [INFO] analyzer: No OHLC for MONARCH, skipping
2026-05-07 22:10:47,741 [ERROR] yfinance: $KARURVYSYA.NS: possibly delisted; no price data found  (period=9mo)
2026-05-07 22:10:47,746 [ERROR] yfinance: 
1 Failed download:
2026-05-07 22:10:47,747 [ERROR] yfinance: ['KARURVYSYA.NS']: possibly delisted; no price data found  (period=9mo)
2026-05-07 22:10:47,748 [INFO] analyzer: No OHLC for KARURVYSYA, skipping
2026-05-07 22:10:47,755 [ERROR] yfinance: Failed to get ticker 'DMCC.NS' reason: Failed to perform, curl: (6) Could not resolve host: query2.finance.yahoo.com. See https://curl.se/libcurl/c/libcurl-errors.html first for more details.
2026-05-07 22:10:47,759 [ERROR] yfinance: $DMCC.NS: possibly delisted; no price data found  (period=9mo)
2026-05-07 22:10:47,769 [ERROR] yfinance: 
1 Failed download:
2026-05-07 22:10:47,770 [ERROR] yfinance: ['DMCC.NS']: possibly delisted; no price data found  (period=9mo)
2026-05-07 22:10:47,771 [INFO] analyzer: No OHLC for DMCC, skipping
2026-05-07 22:10:47,776 [ERROR] yfinance: Failed to get ticker 'SRGHFL.NS' reason: Failed to perform, curl: (6) Could not resolve host: query2.finance.yahoo.com. See https://curl.se/libcurl/c/libcurl-errors.html first for more details.
2026-05-07 22:10:47,781 [ERROR] yfinance: $SRGHFL.NS: possibly delisted; no price data found  (period=9mo)
2026-05-07 22:10:47,782 [ERROR] yfinance: 
1 Failed download:
2026-05-07 22:10:47,782 [ERROR] yfinance: ['SRGHFL.NS']: possibly delisted; no price data found  (period=9mo)
2026-05-07 22:10:47,784 [INFO] analyzer: No OHLC for SRGHFL, skipping
2026-05-07 22:10:47,789 [ERROR] yfinance: $MMP.NS: possibly delisted; no price data found  (period=9mo)
2026-05-07 22:10:47,795 [ERROR] yfinance: 
1 Failed download:
2026-05-07 22:10:47,795 [ERROR] yfinance: ['MMP.NS']: possibly delisted; no price data found  (period=9mo)
2026-05-07 22:10:47,797 [INFO] analyzer: No OHLC for MMP, skipping
2026-05-07 22:10:47,803 [ERROR] yfinance: $SALONA.NS: possibly delisted; no price data found  (period=9mo)
2026-05-07 22:10:47,808 [ERROR] yfinance: 
1 Failed download:
2026-05-07 22:10:47,808 [ERROR] yfinance: ['SALONA.NS']: possibly delisted; no price data found  (period=9mo)
2026-05-07 22:10:47,810 [INFO] analyzer: No OHLC for SALONA, skipping
2026-05-07 22:10:47,815 [ERROR] yfinance: Failed to get ticker 'ELLEN.NS' reason: Failed to perform, curl: (6) Could not resolve host: query2.finance.yahoo.com. See https://curl.se/libcurl/c/libcurl-errors.html first for more details.
2026-05-07 22:10:47,820 [ERROR] yfinance: $ELLEN.NS: possibly delisted; no price data found  (period=9mo)
2026-05-07 22:10:47,821 [ERROR] yfinance: 
1 Failed download:
2026-05-07 22:10:47,821 [ERROR] yfinance: ['ELLEN.NS']: possibly delisted; no price data found  (period=9mo)
2026-05-07 22:10:47,823 [INFO] analyzer: No OHLC for ELLEN, skipping
2026-05-07 22:10:47,829 [ERROR] yfinance: Failed to get ticker 'JSWINFRA.NS' reason: Failed to perform, curl: (6) Could not resolve host: query2.finance.yahoo.com. See https://curl.se/libcurl/c/libcurl-errors.html first for more details.
2026-05-07 22:10:47,833 [ERROR] yfinance: $JSWINFRA.NS: possibly delisted; no price data found  (period=9mo)
2026-05-07 22:10:47,834 [ERROR] yfinance: 
1 Failed download:
2026-05-07 22:10:47,834 [ERROR] yfinance: ['JSWINFRA.NS']: possibly delisted; no price data found  (period=9mo)
2026-05-07 22:10:47,836 [INFO] analyzer: No OHLC for JSWINFRA, skipping
2026-05-07 22:10:47,841 [ERROR] yfinance: Failed to get ticker 'NAHARSPING.NS' reason: Failed to perform, curl: (6) Could not resolve host: query2.finance.yahoo.com. See https://curl.se/libcurl/c/libcurl-errors.html first for more details.
2026-05-07 22:10:47,846 [ERROR] yfinance: $NAHARSPING.NS: possibly delisted; no price data found  (period=9mo)
2026-05-07 22:10:47,847 [ERROR] yfinance: 
1 Failed download:
2026-05-07 22:10:47,847 [ERROR] yfinance: ['NAHARSPING.NS']: possibly delisted; no price data found  (period=9mo)
2026-05-07 22:10:47,848 [INFO] analyzer: No OHLC for NAHARSPING, skipping
2026-05-07 22:10:47,855 [ERROR] yfinance: Failed to get ticker 'APTUS.NS' reason: Failed to perform, curl: (6) Could not resolve host: query2.finance.yahoo.com. See https://curl.se/libcurl/c/libcurl-errors.html first for more details.
2026-05-07 22:10:47,859 [ERROR] yfinance: $APTUS.NS: possibly delisted; no price data found  (period=9mo)
2026-05-07 22:10:47,859 [ERROR] yfinance: 
1 Failed download:
2026-05-07 22:10:47,860 [ERROR] yfinance: ['APTUS.NS']: possibly delisted; no price data found  (period=9mo)
2026-05-07 22:10:47,862 [INFO] analyzer: No OHLC for APTUS, skipping
2026-05-07 22:10:47,869 [ERROR] yfinance: Failed to get ticker 'PLATIND.NS' reason: Failed to perform, curl: (6) Could not resolve host: query2.finance.yahoo.com. See https://curl.se/libcurl/c/libcurl-errors.html first for more details.
2026-05-07 22:10:47,874 [ERROR] yfinance: $PLATIND.NS: possibly delisted; no price data found  (period=9mo)
2026-05-07 22:10:47,874 [ERROR] yfinance: 
1 Failed download:
2026-05-07 22:10:47,874 [ERROR] yfinance: ['PLATIND.NS']: possibly delisted; no price data found  (period=9mo)
2026-05-07 22:10:47,876 [INFO] analyzer: No OHLC for PLATIND, skipping
2026-05-07 22:10:47,882 [ERROR] yfinance: Failed to get ticker 'RUBYMILLS.NS' reason: Failed to perform, curl: (6) Could not resolve host: query2.finance.yahoo.com. See https://curl.se/libcurl/c/libcurl-errors.html first for more details.
2026-05-07 22:10:47,888 [ERROR] yfinance: $RUBYMILLS.NS: possibly delisted; no price data found  (period=9mo)
2026-05-07 22:10:47,897 [ERROR] yfinance: 
1 Failed download:
2026-05-07 22:10:47,897 [ERROR] yfinance: ['RUBYMILLS.NS']: possibly delisted; no price data found  (period=9mo)
2026-05-07 22:10:47,899 [INFO] analyzer: No OHLC for RUBYMILLS, skipping
2026-05-07 22:10:47,906 [ERROR] yfinance: Failed to get ticker 'HINDWAREAP.NS' reason: Failed to perform, curl: (6) Could not resolve host: query2.finance.yahoo.com. See https://curl.se/libcurl/c/libcurl-errors.html first for more details.
2026-05-07 22:10:47,910 [ERROR] yfinance: $HINDWAREAP.NS: possibly delisted; no price data found  (period=9mo)
2026-05-07 22:10:47,920 [ERROR] yfinance: 
1 Failed download:
2026-05-07 22:10:47,920 [ERROR] yfinance: ['HINDWAREAP.NS']: possibly delisted; no price data found  (period=9mo)
2026-05-07 22:10:47,922 [INFO] analyzer: No OHLC for HINDWAREAP, skipping
2026-05-07 22:10:47,928 [ERROR] yfinance: Failed to get ticker 'RITCO.NS' reason: Failed to perform, curl: (6) Could not resolve host: query2.finance.yahoo.com. See https://curl.se/libcurl/c/libcurl-errors.html first for more details.
2026-05-07 22:10:47,933 [ERROR] yfinance: $RITCO.NS: possibly delisted; no price data found  (period=9mo)
2026-05-07 22:10:47,933 [ERROR] yfinance: 
1 Failed download:
2026-05-07 22:10:47,934 [ERROR] yfinance: ['RITCO.NS']: possibly delisted; no price data found  (period=9mo)
2026-05-07 22:10:47,935 [INFO] analyzer: No OHLC for RITCO, skipping
2026-05-07 22:10:47,940 [ERROR] yfinance: Failed to get ticker 'LOYALTEX.NS' reason: Failed to perform, curl: (6) Could not resolve host: query2.finance.yahoo.com. See https://curl.se/libcurl/c/libcurl-errors.html first for more details.
2026-05-07 22:10:47,945 [ERROR] yfinance: $LOYALTEX.NS: possibly delisted; no price data found  (period=9mo)
2026-05-07 22:10:47,946 [ERROR] yfinance: 
1 Failed download:
2026-05-07 22:10:47,946 [ERROR] yfinance: ['LOYALTEX.NS']: possibly delisted; no price data found  (period=9mo)
2026-05-07 22:10:47,948 [INFO] analyzer: No OHLC for LOYALTEX, skipping
2026-05-07 22:10:47,954 [ERROR] yfinance: Failed to get ticker 'VAIBHAVGBL.NS' reason: Failed to perform, curl: (6) Could not resolve host: query2.finance.yahoo.com. See https://curl.se/libcurl/c/libcurl-errors.html first for more details.
2026-05-07 22:10:47,958 [ERROR] yfinance: $VAIBHAVGBL.NS: possibly delisted; no price data found  (period=9mo)
2026-05-07 22:10:47,959 [ERROR] yfinance: 
1 Failed download:
2026-05-07 22:10:47,959 [ERROR] yfinance: ['VAIBHAVGBL.NS']: possibly delisted; no price data found  (period=9mo)
2026-05-07 22:10:47,960 [INFO] analyzer: No OHLC for VAIBHAVGBL, skipping
2026-05-07 22:10:47,966 [ERROR] yfinance: Failed to get ticker 'SHANTIGOLD.NS' reason: Failed to perform, curl: (6) Could not resolve host: query2.finance.yahoo.com. See https://curl.se/libcurl/c/libcurl-errors.html first for more details.
2026-05-07 22:10:47,971 [ERROR] yfinance: $SHANTIGOLD.NS: possibly delisted; no price data found  (period=9mo)
2026-05-07 22:10:47,971 [ERROR] yfinance: 
1 Failed download:
2026-05-07 22:10:47,971 [ERROR] yfinance: ['SHANTIGOLD.NS']: possibly delisted; no price data found  (period=9mo)
2026-05-07 22:10:47,973 [INFO] analyzer: No OHLC for SHANTIGOLD, skipping
2026-05-07 22:10:47,979 [ERROR] yfinance: Failed to get ticker 'GROWWMC150.NS' reason: Failed to perform, curl: (6) Could not resolve host: query2.finance.yahoo.com. See https://curl.se/libcurl/c/libcurl-errors.html first for more details.
2026-05-07 22:10:47,983 [ERROR] yfinance: $GROWWMC150.NS: possibly delisted; no price data found  (period=9mo)
2026-05-07 22:10:47,984 [ERROR] yfinance: 
1 Failed download:
2026-05-07 22:10:47,984 [ERROR] yfinance: ['GROWWMC150.NS']: possibly delisted; no price data found  (period=9mo)
2026-05-07 22:10:47,986 [INFO] analyzer: No OHLC for GROWWMC150, skipping
2026-05-07 22:10:47,991 [ERROR] yfinance: Failed to get ticker 'MOSCHIP.NS' reason: Failed to perform, curl: (6) Could not resolve host: query2.finance.yahoo.com. See https://curl.se/libcurl/c/libcurl-errors.html first for more details.
2026-05-07 22:10:47,995 [ERROR] yfinance: $MOSCHIP.NS: possibly delisted; no price data found  (period=9mo)
2026-05-07 22:10:47,997 [ERROR] yfinance: 
1 Failed download:
2026-05-07 22:10:47,997 [ERROR] yfinance: ['MOSCHIP.NS']: possibly delisted; no price data found  (period=9mo)
2026-05-07 22:10:47,998 [INFO] analyzer: No OHLC for MOSCHIP, skipping
2026-05-07 22:10:48,003 [ERROR] yfinance: Failed to get ticker 'VIYASH.NS' reason: Failed to perform, curl: (6) Could not resolve host: query2.finance.yahoo.com. See https://curl.se/libcurl/c/libcurl-errors.html first for more details.
2026-05-07 22:10:48,008 [ERROR] yfinance: $VIYASH.NS: possibly delisted; no price data found  (period=9mo)
2026-05-07 22:10:48,009 [ERROR] yfinance: 
1 Failed download:
2026-05-07 22:10:48,009 [ERROR] yfinance: ['VIYASH.NS']: possibly delisted; no price data found  (period=9mo)
2026-05-07 22:10:48,011 [INFO] analyzer: No OHLC for VIYASH, skipping
2026-05-07 22:10:48,016 [ERROR] yfinance: Failed to get ticker 'DCXINDIA.NS' reason: Failed to perform, curl: (6) Could not resolve host: query2.finance.yahoo.com. See https://curl.se/libcurl/c/libcurl-errors.html first for more details.
2026-05-07 22:10:48,020 [ERROR] yfinance: $DCXINDIA.NS: possibly delisted; no price data found  (period=9mo)
2026-05-07 22:10:48,022 [ERROR] yfinance: 
1 Failed download:
2026-05-07 22:10:48,022 [ERROR] yfinance: ['DCXINDIA.NS']: possibly delisted; no price data found  (period=9mo)
2026-05-07 22:10:48,024 [INFO] analyzer: No OHLC for DCXINDIA, skipping
2026-05-07 22:10:48,031 [ERROR] yfinance: Failed to get ticker 'KANPRPLA.NS' reason: Failed to perform, curl: (6) Could not resolve host: query2.finance.yahoo.com. See https://curl.se/libcurl/c/libcurl-errors.html first for more details.
2026-05-07 22:10:48,036 [ERROR] yfinance: $KANPRPLA.NS: possibly delisted; no price data found  (period=9mo)
2026-05-07 22:10:48,045 [ERROR] yfinance: 
1 Failed download:
2026-05-07 22:10:48,045 [ERROR] yfinance: ['KANPRPLA.NS']: possibly delisted; no price data found  (period=9mo)
2026-05-07 22:10:48,047 [INFO] analyzer: No OHLC for KANPRPLA, skipping
2026-05-07 22:10:48,053 [ERROR] yfinance: Failed to get ticker 'PPAP.NS' reason: Failed to perform, curl: (6) Could not resolve host: query2.finance.yahoo.com. See https://curl.se/libcurl/c/libcurl-errors.html first for more details.
2026-05-07 22:10:48,058 [ERROR] yfinance: $PPAP.NS: possibly delisted; no price data found  (period=9mo)
2026-05-07 22:10:48,058 [ERROR] yfinance: 
1 Failed download:
2026-05-07 22:10:48,058 [ERROR] yfinance: ['PPAP.NS']: possibly delisted; no price data found  (period=9mo)
2026-05-07 22:10:48,060 [INFO] analyzer: No OHLC for PPAP, skipping
2026-05-07 22:10:48,065 [ERROR] yfinance: Failed to get ticker 'PPL.NS' reason: Failed to perform, curl: (6) Could not resolve host: query2.finance.yahoo.com. See https://curl.se/libcurl/c/libcurl-errors.html first for more details.
2026-05-07 22:10:48,069 [ERROR] yfinance: $PPL.NS: possibly delisted; no price data found  (period=9mo)
2026-05-07 22:10:48,071 [ERROR] yfinance: 
1 Failed download:
2026-05-07 22:10:48,071 [ERROR] yfinance: ['PPL.NS']: possibly delisted; no price data found  (period=9mo)
2026-05-07 22:10:48,072 [INFO] analyzer: No OHLC for PPL, skipping
2026-05-07 22:10:48,078 [ERROR] yfinance: Failed to get ticker 'KROSS.NS' reason: Failed to perform, curl: (6) Could not resolve host: query2.finance.yahoo.com. See https://curl.se/libcurl/c/libcurl-errors.html first for more details.
2026-05-07 22:10:48,083 [ERROR] yfinance: $KROSS.NS: possibly delisted; no price data found  (period=9mo)
2026-05-07 22:10:48,083 [ERROR] yfinance: 
1 Failed download:
2026-05-07 22:10:48,083 [ERROR] yfinance: ['KROSS.NS']: possibly delisted; no price data found  (period=9mo)
2026-05-07 22:10:48,086 [INFO] analyzer: No OHLC for KROSS, skipping
2026-05-07 22:10:48,091 [ERROR] yfinance: Failed to get ticker 'KANSAINER.NS' reason: Failed to perform, curl: (6) Could not resolve host: query2.finance.yahoo.com. See https://curl.se/libcurl/c/libcurl-errors.html first for more details.
2026-05-07 22:10:48,095 [ERROR] yfinance: $KANSAINER.NS: possibly delisted; no price data found  (period=9mo)
2026-05-07 22:10:48,097 [ERROR] yfinance: 
1 Failed download:
2026-05-07 22:10:48,097 [ERROR] yfinance: ['KANSAINER.NS']: possibly delisted; no price data found  (period=9mo)
2026-05-07 22:10:48,099 [INFO] analyzer: No OHLC for KANSAINER, skipping
2026-05-07 22:10:48,104 [ERROR] yfinance: $CMPDI.NS: possibly delisted; no price data found  (period=9mo)
2026-05-07 22:10:48,110 [ERROR] yfinance: 
1 Failed download:
2026-05-07 22:10:48,110 [ERROR] yfinance: ['CMPDI.NS']: possibly delisted; no price data found  (period=9mo)
2026-05-07 22:10:48,112 [INFO] analyzer: No OHLC for CMPDI, skipping
2026-05-07 22:10:48,117 [ERROR] yfinance: Failed to get ticker 'BLAL.NS' reason: Failed to perform, curl: (6) Could not resolve host: query2.finance.yahoo.com. See https://curl.se/libcurl/c/libcurl-errors.html first for more details.
2026-05-07 22:10:48,122 [ERROR] yfinance: $BLAL.NS: possibly delisted; no price data found  (period=9mo)
2026-05-07 22:10:48,122 [ERROR] yfinance: 
1 Failed download:
2026-05-07 22:10:48,122 [ERROR] yfinance: ['BLAL.NS']: possibly delisted; no price data found  (period=9mo)
2026-05-07 22:10:48,124 [INFO] analyzer: No OHLC for BLAL, skipping
2026-05-07 22:10:48,129 [ERROR] yfinance: Failed to get ticker 'MOQUALITY.NS' reason: Failed to perform, curl: (6) Could not resolve host: query2.finance.yahoo.com. See https://curl.se/libcurl/c/libcurl-errors.html first for more details.
2026-05-07 22:10:48,132 [ERROR] yfinance: $MOQUALITY.NS: possibly delisted; no price data found  (period=9mo)
2026-05-07 22:10:48,135 [ERROR] yfinance: 
1 Failed download:
2026-05-07 22:10:48,135 [ERROR] yfinance: ['MOQUALITY.NS']: possibly delisted; no price data found  (period=9mo)
2026-05-07 22:10:48,137 [INFO] analyzer: No OHLC for MOQUALITY, skipping
2026-05-07 22:10:48,143 [ERROR] yfinance: Failed to get ticker 'ORIENTELEC.NS' reason: Failed to perform, curl: (6) Could not resolve host: query2.finance.yahoo.com. See https://curl.se/libcurl/c/libcurl-errors.html first for more details.
2026-05-07 22:10:48,147 [ERROR] yfinance: $ORIENTELEC.NS: possibly delisted; no price data found  (period=9mo)
2026-05-07 22:10:48,148 [ERROR] yfinance: 
1 Failed download:
2026-05-07 22:10:48,148 [ERROR] yfinance: ['ORIENTELEC.NS']: possibly delisted; no price data found  (period=9mo)
2026-05-07 22:10:48,149 [INFO] analyzer: No OHLC for ORIENTELEC, skipping
2026-05-07 22:10:48,155 [ERROR] yfinance: Failed to get ticker 'HUHTAMAKI.NS' reason: Failed to perform, curl: (6) Could not resolve host: query2.finance.yahoo.com. See https://curl.se/libcurl/c/libcurl-errors.html first for more details.
2026-05-07 22:10:48,159 [ERROR] yfinance: $HUHTAMAKI.NS: possibly delisted; no price data found  (period=9mo)
2026-05-07 22:10:48,160 [ERROR] yfinance: 
1 Failed download:
2026-05-07 22:10:48,160 [ERROR] yfinance: ['HUHTAMAKI.NS']: possibly delisted; no price data found  (period=9mo)
2026-05-07 22:10:48,162 [INFO] analyzer: No OHLC for HUHTAMAKI, skipping
2026-05-07 22:10:48,167 [ERROR] yfinance: Failed to get ticker 'PACEDIGITK.NS' reason: Failed to perform, curl: (6) Could not resolve host: query2.finance.yahoo.com. See https://curl.se/libcurl/c/libcurl-errors.html first for more details.
2026-05-07 22:10:48,171 [ERROR] yfinance: $PACEDIGITK.NS: possibly delisted; no price data found  (period=9mo)
2026-05-07 22:10:48,173 [ERROR] yfinance: 
1 Failed download:
2026-05-07 22:10:48,173 [ERROR] yfinance: ['PACEDIGITK.NS']: possibly delisted; no price data found  (period=9mo)
2026-05-07 22:10:48,174 [INFO] analyzer: No OHLC for PACEDIGITK, skipping
2026-05-07 22:10:48,180 [ERROR] yfinance: Failed to get ticker 'NACLIND.NS' reason: Failed to perform, curl: (6) Could not resolve host: query2.finance.yahoo.com. See https://curl.se/libcurl/c/libcurl-errors.html first for more details.
2026-05-07 22:10:48,185 [ERROR] yfinance: $NACLIND.NS: possibly delisted; no price data found  (period=9mo)
2026-05-07 22:10:48,185 [ERROR] yfinance: 
1 Failed download:
2026-05-07 22:10:48,185 [ERROR] yfinance: ['NACLIND.NS']: possibly delisted; no price data found  (period=9mo)
2026-05-07 22:10:48,187 [INFO] analyzer: No OHLC for NACLIND, skipping
2026-05-07 22:10:48,192 [ERROR] yfinance: Failed to get ticker 'MAXIND.NS' reason: Failed to perform, curl: (6) Could not resolve host: query2.finance.yahoo.com. See https://curl.se/libcurl/c/libcurl-errors.html first for more details.
2026-05-07 22:10:48,196 [ERROR] yfinance: $MAXIND.NS: possibly delisted; no price data found  (period=9mo)
2026-05-07 22:10:48,198 [ERROR] yfinance: 
1 Failed download:
2026-05-07 22:10:48,198 [ERROR] yfinance: ['MAXIND.NS']: possibly delisted; no price data found  (period=9mo)
2026-05-07 22:10:48,200 [INFO] analyzer: No OHLC for MAXIND, skipping
2026-05-07 22:10:48,205 [ERROR] yfinance: $MARSONS.NS: possibly delisted; no price data found  (period=9mo)
2026-05-07 22:10:48,211 [ERROR] yfinance: 
1 Failed download:
2026-05-07 22:10:48,211 [ERROR] yfinance: ['MARSONS.NS']: possibly delisted; no price data found  (period=9mo)
2026-05-07 22:10:48,213 [INFO] analyzer: No OHLC for MARSONS, skipping
2026-05-07 22:10:48,219 [ERROR] yfinance: Failed to get ticker 'PROSTARM.NS' reason: Failed to perform, curl: (6) Could not resolve host: query2.finance.yahoo.com. See https://curl.se/libcurl/c/libcurl-errors.html first for more details.
2026-05-07 22:10:48,223 [ERROR] yfinance: $PROSTARM.NS: possibly delisted; no price data found  (period=9mo)
2026-05-07 22:10:48,224 [ERROR] yfinance: 
1 Failed download:
2026-05-07 22:10:48,224 [ERROR] yfinance: ['PROSTARM.NS']: possibly delisted; no price data found  (period=9mo)
2026-05-07 22:10:48,226 [INFO] analyzer: No OHLC for PROSTARM, skipping
2026-05-07 22:10:48,231 [ERROR] yfinance: Failed to get ticker 'SPARC.NS' reason: Failed to perform, curl: (6) Could not resolve host: query2.finance.yahoo.com. See https://curl.se/libcurl/c/libcurl-errors.html first for more details.
2026-05-07 22:10:48,235 [ERROR] yfinance: $SPARC.NS: possibly delisted; no price data found  (period=9mo)
2026-05-07 22:10:48,236 [ERROR] yfinance: 
1 Failed download:
2026-05-07 22:10:48,236 [ERROR] yfinance: ['SPARC.NS']: possibly delisted; no price data found  (period=9mo)
2026-05-07 22:10:48,238 [INFO] analyzer: No OHLC for SPARC, skipping
2026-05-07 22:10:48,243 [ERROR] yfinance: Failed to get ticker 'UDS.NS' reason: Failed to perform, curl: (6) Could not resolve host: query2.finance.yahoo.com. See https://curl.se/libcurl/c/libcurl-errors.html first for more details.
2026-05-07 22:10:48,246 [ERROR] yfinance: $UDS.NS: possibly delisted; no price data found  (period=9mo)
2026-05-07 22:10:48,249 [ERROR] yfinance: 
1 Failed download:
2026-05-07 22:10:48,249 [ERROR] yfinance: ['UDS.NS']: possibly delisted; no price data found  (period=9mo)
2026-05-07 22:10:48,250 [INFO] analyzer: No OHLC for UDS, skipping
2026-05-07 22:10:48,256 [ERROR] yfinance: Failed to get ticker 'LXCHEM.NS' reason: Failed to perform, curl: (6) Could not resolve host: query2.finance.yahoo.com. See https://curl.se/libcurl/c/libcurl-errors.html first for more details.
2026-05-07 22:10:48,261 [ERROR] yfinance: $LXCHEM.NS: possibly delisted; no price data found  (period=9mo)
2026-05-07 22:10:48,261 [ERROR] yfinance: 
1 Failed download:
2026-05-07 22:10:48,262 [ERROR] yfinance: ['LXCHEM.NS']: possibly delisted; no price data found  (period=9mo)
2026-05-07 22:10:48,263 [INFO] analyzer: No OHLC for LXCHEM, skipping
2026-05-07 22:10:48,269 [ERROR] yfinance: Failed to get ticker 'GAEL.NS' reason: Failed to perform, curl: (6) Could not resolve host: query2.finance.yahoo.com. See https://curl.se/libcurl/c/libcurl-errors.html first for more details.
2026-05-07 22:10:48,275 [ERROR] yfinance: $GAEL.NS: possibly delisted; no price data found  (period=9mo)
2026-05-07 22:10:48,285 [ERROR] yfinance: 
1 Failed download:
2026-05-07 22:10:48,285 [ERROR] yfinance: ['GAEL.NS']: possibly delisted; no price data found  (period=9mo)
2026-05-07 22:10:48,288 [INFO] analyzer: No OHLC for GAEL, skipping
2026-05-07 22:10:48,298 [ERROR] yfinance: $MOMGF.NS: possibly delisted; no price data found  (period=9mo)
2026-05-07 22:10:48,299 [ERROR] yfinance: 
1 Failed download:
2026-05-07 22:10:48,300 [ERROR] yfinance: ['MOMGF.NS']: possibly delisted; no price data found  (period=9mo)
2026-05-07 22:10:48,302 [INFO] analyzer: No OHLC for MOMGF, skipping
2026-05-07 22:10:48,309 [ERROR] yfinance: Failed to get ticker 'SHK.NS' reason: Failed to perform, curl: (6) Could not resolve host: query2.finance.yahoo.com. See https://curl.se/libcurl/c/libcurl-errors.html first for more details.
2026-05-07 22:10:48,315 [ERROR] yfinance: $SHK.NS: possibly delisted; no price data found  (period=9mo)
2026-05-07 22:10:48,323 [ERROR] yfinance: 
1 Failed download:
2026-05-07 22:10:48,323 [ERROR] yfinance: ['SHK.NS']: possibly delisted; no price data found  (period=9mo)
2026-05-07 22:10:48,325 [INFO] analyzer: No OHLC for SHK, skipping
2026-05-07 22:10:48,331 [ERROR] yfinance: $IVP.NS: possibly delisted; no price data found  (period=9mo)
2026-05-07 22:10:48,336 [ERROR] yfinance: 
1 Failed download:
2026-05-07 22:10:48,336 [ERROR] yfinance: ['IVP.NS']: possibly delisted; no price data found  (period=9mo)
2026-05-07 22:10:48,338 [INFO] analyzer: No OHLC for IVP, skipping
2026-05-07 22:10:48,343 [ERROR] yfinance: Failed to get ticker 'SMARTLINK.NS' reason: Failed to perform, curl: (6) Could not resolve host: query2.finance.yahoo.com. See https://curl.se/libcurl/c/libcurl-errors.html first for more details.
2026-05-07 22:10:48,348 [ERROR] yfinance: $SMARTLINK.NS: possibly delisted; no price data found  (period=9mo)
2026-05-07 22:10:48,349 [ERROR] yfinance: 
1 Failed download:
2026-05-07 22:10:48,349 [ERROR] yfinance: ['SMARTLINK.NS']: possibly delisted; no price data found  (period=9mo)
2026-05-07 22:10:48,350 [INFO] analyzer: No OHLC for SMARTLINK, skipping
2026-05-07 22:10:48,356 [ERROR] yfinance: Failed to get ticker 'HEMIPROP.NS' reason: Failed to perform, curl: (6) Could not resolve host: query2.finance.yahoo.com. See https://curl.se/libcurl/c/libcurl-errors.html first for more details.
2026-05-07 22:10:48,360 [ERROR] yfinance: $HEMIPROP.NS: possibly delisted; no price data found  (period=9mo)
2026-05-07 22:10:48,361 [ERROR] yfinance: 
1 Failed download:
2026-05-07 22:10:48,361 [ERROR] yfinance: ['HEMIPROP.NS']: possibly delisted; no price data found  (period=9mo)
2026-05-07 22:10:48,363 [INFO] analyzer: No OHLC for HEMIPROP, skipping
2026-05-07 22:10:48,367 [ERROR] yfinance: Failed to get ticker 'ARIS.NS' reason: Failed to perform, curl: (6) Could not resolve host: query2.finance.yahoo.com. See https://curl.se/libcurl/c/libcurl-errors.html first for more details.
2026-05-07 22:10:48,371 [ERROR] yfinance: $ARIS.NS: possibly delisted; no price data found  (period=9mo)
2026-05-07 22:10:48,374 [ERROR] yfinance: 
1 Failed download:
2026-05-07 22:10:48,374 [ERROR] yfinance: ['ARIS.NS']: possibly delisted; no price data found  (period=9mo)
2026-05-07 22:10:48,375 [INFO] analyzer: No OHLC for ARIS, skipping
2026-05-07 22:10:48,381 [ERROR] yfinance: Failed to get ticker 'MUNJALSHOW.NS' reason: Failed to perform, curl: (6) Could not resolve host: query2.finance.yahoo.com. See https://curl.se/libcurl/c/libcurl-errors.html first for more details.
2026-05-07 22:10:48,384 [ERROR] yfinance: $MUNJALSHOW.NS: possibly delisted; no price data found  (period=9mo)
2026-05-07 22:10:48,386 [ERROR] yfinance: 
1 Failed download:
2026-05-07 22:10:48,386 [ERROR] yfinance: ['MUNJALSHOW.NS']: possibly delisted; no price data found  (period=9mo)
2026-05-07 22:10:48,388 [INFO] analyzer: No OHLC for MUNJALSHOW, skipping
2026-05-07 22:10:48,393 [ERROR] yfinance: Failed to get ticker 'J&KBANK.NS' reason: Failed to perform, curl: (6) Could not resolve host: query2.finance.yahoo.com. See https://curl.se/libcurl/c/libcurl-errors.html first for more details.
2026-05-07 22:10:48,397 [ERROR] yfinance: $J&KBANK.NS: possibly delisted; no price data found  (period=9mo)
2026-05-07 22:10:48,399 [ERROR] yfinance: 
1 Failed download:
2026-05-07 22:10:48,399 [ERROR] yfinance: ['J&KBANK.NS']: possibly delisted; no price data found  (period=9mo)
2026-05-07 22:10:48,401 [INFO] analyzer: No OHLC for J&KBANK, skipping
2026-05-07 22:10:48,408 [ERROR] yfinance: Failed to get ticker 'MENONBE.NS' reason: Failed to perform, curl: (6) Could not resolve host: query2.finance.yahoo.com. See https://curl.se/libcurl/c/libcurl-errors.html first for more details.
2026-05-07 22:10:48,412 [ERROR] yfinance: $MENONBE.NS: possibly delisted; no price data found  (period=9mo)
2026-05-07 22:10:48,422 [ERROR] yfinance: 
1 Failed download:
2026-05-07 22:10:48,422 [ERROR] yfinance: ['MENONBE.NS']: possibly delisted; no price data found  (period=9mo)
2026-05-07 22:10:48,423 [INFO] analyzer: No OHLC for MENONBE, skipping
2026-05-07 22:10:48,429 [ERROR] yfinance: $BOMDYEING.NS: possibly delisted; no price data found  (period=9mo)
2026-05-07 22:10:48,434 [ERROR] yfinance: 
1 Failed download:
2026-05-07 22:10:48,434 [ERROR] yfinance: ['BOMDYEING.NS']: possibly delisted; no price data found  (period=9mo)
2026-05-07 22:10:48,436 [INFO] analyzer: No OHLC for BOMDYEING, skipping
2026-05-07 22:10:48,442 [ERROR] yfinance: Failed to get ticker 'MOTHERSON.NS' reason: Failed to perform, curl: (6) Could not resolve host: query2.finance.yahoo.com. See https://curl.se/libcurl/c/libcurl-errors.html first for more details.
2026-05-07 22:10:48,448 [ERROR] yfinance: $MOTHERSON.NS: possibly delisted; no price data found  (period=9mo)
2026-05-07 22:10:48,457 [ERROR] yfinance: 
1 Failed download:
2026-05-07 22:10:48,458 [ERROR] yfinance: ['MOTHERSON.NS']: possibly delisted; no price data found  (period=9mo)
2026-05-07 22:10:48,459 [INFO] analyzer: No OHLC for MOTHERSON, skipping
2026-05-07 22:10:48,465 [ERROR] yfinance: Failed to get ticker 'SAMBHV.NS' reason: Failed to perform, curl: (6) Could not resolve host: query2.finance.yahoo.com. See https://curl.se/libcurl/c/libcurl-errors.html first for more details.
2026-05-07 22:10:48,470 [ERROR] yfinance: $SAMBHV.NS: possibly delisted; no price data found  (period=9mo)
2026-05-07 22:10:48,470 [ERROR] yfinance: 
1 Failed download:
2026-05-07 22:10:48,470 [ERROR] yfinance: ['SAMBHV.NS']: possibly delisted; no price data found  (period=9mo)
2026-05-07 22:10:48,472 [INFO] analyzer: No OHLC for SAMBHV, skipping
2026-05-07 22:10:48,477 [ERROR] yfinance: Failed to get ticker 'RUCHIRA.NS' reason: Failed to perform, curl: (6) Could not resolve host: query2.finance.yahoo.com. See https://curl.se/libcurl/c/libcurl-errors.html first for more details.
2026-05-07 22:10:48,481 [ERROR] yfinance: $RUCHIRA.NS: possibly delisted; no price data found  (period=9mo)
2026-05-07 22:10:48,483 [ERROR] yfinance: 
1 Failed download:
2026-05-07 22:10:48,483 [ERROR] yfinance: ['RUCHIRA.NS']: possibly delisted; no price data found  (period=9mo)
2026-05-07 22:10:48,484 [INFO] analyzer: No OHLC for RUCHIRA, skipping
2026-05-07 22:10:48,490 [ERROR] yfinance: Failed to get ticker 'RICOAUTO.NS' reason: Failed to perform, curl: (6) Could not resolve host: query2.finance.yahoo.com. See https://curl.se/libcurl/c/libcurl-errors.html first for more details.
2026-05-07 22:10:48,494 [ERROR] yfinance: $RICOAUTO.NS: possibly delisted; no price data found  (period=9mo)
2026-05-07 22:10:48,495 [ERROR] yfinance: 
1 Failed download:
2026-05-07 22:10:48,495 [ERROR] yfinance: ['RICOAUTO.NS']: possibly delisted; no price data found  (period=9mo)
2026-05-07 22:10:48,497 [INFO] analyzer: No OHLC for RICOAUTO, skipping
2026-05-07 22:10:48,502 [ERROR] yfinance: Failed to get ticker 'TVSSCS.NS' reason: Failed to perform, curl: (6) Could not resolve host: query2.finance.yahoo.com. See https://curl.se/libcurl/c/libcurl-errors.html first for more details.
2026-05-07 22:10:48,507 [ERROR] yfinance: $TVSSCS.NS: possibly delisted; no price data found  (period=9mo)
2026-05-07 22:10:48,508 [ERROR] yfinance: 
1 Failed download:
2026-05-07 22:10:48,508 [ERROR] yfinance: ['TVSSCS.NS']: possibly delisted; no price data found  (period=9mo)
2026-05-07 22:10:48,510 [INFO] analyzer: No OHLC for TVSSCS, skipping
2026-05-07 22:10:48,515 [ERROR] yfinance: Failed to get ticker 'ABLBL.NS' reason: Failed to perform, curl: (6) Could not resolve host: query2.finance.yahoo.com. See https://curl.se/libcurl/c/libcurl-errors.html first for more details.
2026-05-07 22:10:48,519 [ERROR] yfinance: $ABLBL.NS: possibly delisted; no price data found  (period=9mo)
2026-05-07 22:10:48,521 [ERROR] yfinance: 
1 Failed download:
2026-05-07 22:10:48,521 [ERROR] yfinance: ['ABLBL.NS']: possibly delisted; no price data found  (period=9mo)
2026-05-07 22:10:48,525 [INFO] analyzer: No OHLC for ABLBL, skipping
2026-05-07 22:10:48,532 [ERROR] yfinance: $BHARATGEAR.NS: possibly delisted; no price data found  (period=9mo)
2026-05-07 22:10:48,536 [ERROR] yfinance: 
1 Failed download:
2026-05-07 22:10:48,536 [ERROR] yfinance: ['BHARATGEAR.NS']: possibly delisted; no price data found  (period=9mo)
2026-05-07 22:10:48,538 [INFO] analyzer: No OHLC for BHARATGEAR, skipping
2026-05-07 22:10:48,544 [ERROR] yfinance: Failed to get ticker 'VETO.NS' reason: Failed to perform, curl: (6) Could not resolve host: query2.finance.yahoo.com. See https://curl.se/libcurl/c/libcurl-errors.html first for more details.
2026-05-07 22:10:48,548 [ERROR] yfinance: $VETO.NS: possibly delisted; no price data found  (period=9mo)
2026-05-07 22:10:48,549 [ERROR] yfinance: 
1 Failed download:
2026-05-07 22:10:48,549 [ERROR] yfinance: ['VETO.NS']: possibly delisted; no price data found  (period=9mo)
2026-05-07 22:10:48,551 [INFO] analyzer: No OHLC for VETO, skipping
2026-05-07 22:10:48,557 [ERROR] yfinance: Failed to get ticker 'PIGL.NS' reason: Failed to perform, curl: (6) Could not resolve host: query2.finance.yahoo.com. See https://curl.se/libcurl/c/libcurl-errors.html first for more details.
2026-05-07 22:10:48,562 [ERROR] yfinance: $PIGL.NS: possibly delisted; no price data found  (period=9mo)
2026-05-07 22:10:48,562 [ERROR] yfinance: 
1 Failed download:
2026-05-07 22:10:48,562 [ERROR] yfinance: ['PIGL.NS']: possibly delisted; no price data found  (period=9mo)
2026-05-07 22:10:48,564 [INFO] analyzer: No OHLC for PIGL, skipping
2026-05-07 22:10:48,570 [ERROR] yfinance: $GMRAIRPORT.NS: possibly delisted; no price data found  (period=9mo)
2026-05-07 22:10:48,575 [ERROR] yfinance: 
1 Failed download:
2026-05-07 22:10:48,575 [ERROR] yfinance: ['GMRAIRPORT.NS']: possibly delisted; no price data found  (period=9mo)
2026-05-07 22:10:48,577 [INFO] analyzer: No OHLC for GMRAIRPORT, skipping
2026-05-07 22:10:48,583 [ERROR] yfinance: Failed to get ticker 'OMINFRAL.NS' reason: Failed to perform, curl: (6) Could not resolve host: query2.finance.yahoo.com. See https://curl.se/libcurl/c/libcurl-errors.html first for more details.
2026-05-07 22:10:48,588 [ERROR] yfinance: $OMINFRAL.NS: possibly delisted; no price data found  (period=9mo)
2026-05-07 22:10:48,598 [ERROR] yfinance: 
1 Failed download:
2026-05-07 22:10:48,598 [ERROR] yfinance: ['OMINFRAL.NS']: possibly delisted; no price data found  (period=9mo)
2026-05-07 22:10:48,599 [INFO] analyzer: No OHLC for OMINFRAL, skipping
2026-05-07 22:10:48,605 [ERROR] yfinance: Failed to get ticker 'NBCC.NS' reason: Failed to perform, curl: (6) Could not resolve host: query2.finance.yahoo.com. See https://curl.se/libcurl/c/libcurl-errors.html first for more details.
2026-05-07 22:10:48,609 [ERROR] yfinance: $NBCC.NS: possibly delisted; no price data found  (period=9mo)
2026-05-07 22:10:48,610 [ERROR] yfinance: 
1 Failed download:
2026-05-07 22:10:48,611 [ERROR] yfinance: ['NBCC.NS']: possibly delisted; no price data found  (period=9mo)
2026-05-07 22:10:48,612 [INFO] analyzer: No OHLC for NBCC, skipping
2026-05-07 22:10:48,618 [ERROR] yfinance: Failed to get ticker 'ALEMBICLTD.NS' reason: Failed to perform, curl: (6) Could not resolve host: query2.finance.yahoo.com. See https://curl.se/libcurl/c/libcurl-errors.html first for more details.
2026-05-07 22:10:48,622 [ERROR] yfinance: $ALEMBICLTD.NS: possibly delisted; no price data found  (period=9mo)
2026-05-07 22:10:48,623 [ERROR] yfinance: 
1 Failed download:
2026-05-07 22:10:48,623 [ERROR] yfinance: ['ALEMBICLTD.NS']: possibly delisted; no price data found  (period=9mo)
2026-05-07 22:10:48,625 [INFO] analyzer: No OHLC for ALEMBICLTD, skipping
2026-05-07 22:10:48,631 [ERROR] yfinance: Failed to get ticker 'SDBL.NS' reason: Failed to perform, curl: (6) Could not resolve host: query2.finance.yahoo.com. See https://curl.se/libcurl/c/libcurl-errors.html first for more details.
2026-05-07 22:10:48,636 [ERROR] yfinance: $SDBL.NS: possibly delisted; no price data found  (period=9mo)
2026-05-07 22:10:48,637 [ERROR] yfinance: 
1 Failed download:
2026-05-07 22:10:48,637 [ERROR] yfinance: ['SDBL.NS']: possibly delisted; no price data found  (period=9mo)
2026-05-07 22:10:48,639 [INFO] analyzer: No OHLC for SDBL, skipping
2026-05-07 22:10:48,644 [ERROR] yfinance: Failed to get ticker 'GROWWDEFNC.NS' reason: Failed to perform, curl: (6) Could not resolve host: query2.finance.yahoo.com. See https://curl.se/libcurl/c/libcurl-errors.html first for more details.
2026-05-07 22:10:48,647 [ERROR] yfinance: $GROWWDEFNC.NS: possibly delisted; no price data found  (period=9mo)
2026-05-07 22:10:48,650 [ERROR] yfinance: 
1 Failed download:
2026-05-07 22:10:48,650 [ERROR] yfinance: ['GROWWDEFNC.NS']: possibly delisted; no price data found  (period=9mo)
2026-05-07 22:10:48,651 [INFO] analyzer: No OHLC for GROWWDEFNC, skipping
2026-05-07 22:10:48,656 [ERROR] yfinance: Failed to get ticker 'AERONEU.NS' reason: Failed to perform, curl: (6) Could not resolve host: query2.finance.yahoo.com. See https://curl.se/libcurl/c/libcurl-errors.html first for more details.
2026-05-07 22:10:48,660 [ERROR] yfinance: $AERONEU.NS: possibly delisted; no price data found  (period=9mo)
2026-05-07 22:10:48,662 [ERROR] yfinance: 
1 Failed download:
2026-05-07 22:10:48,663 [ERROR] yfinance: ['AERONEU.NS']: possibly delisted; no price data found  (period=9mo)
2026-05-07 22:10:48,664 [INFO] analyzer: No OHLC for AERONEU, skipping
2026-05-07 22:10:48,669 [ERROR] yfinance: Failed to get ticker 'OMFREIGHT.NS' reason: Failed to perform, curl: (6) Could not resolve host: query2.finance.yahoo.com. See https://curl.se/libcurl/c/libcurl-errors.html first for more details.
2026-05-07 22:10:48,674 [ERROR] yfinance: $OMFREIGHT.NS: possibly delisted; no price data found  (period=9mo)
2026-05-07 22:10:48,675 [ERROR] yfinance: 
1 Failed download:
2026-05-07 22:10:48,675 [ERROR] yfinance: ['OMFREIGHT.NS']: possibly delisted; no price data found  (period=9mo)
2026-05-07 22:10:48,676 [INFO] analyzer: No OHLC for OMFREIGHT, skipping
2026-05-07 22:10:48,682 [ERROR] yfinance: $MUNJALAU.NS: possibly delisted; no price data found  (period=9mo)
2026-05-07 22:10:48,687 [ERROR] yfinance: 
1 Failed download:
2026-05-07 22:10:48,688 [ERROR] yfinance: ['MUNJALAU.NS']: possibly delisted; no price data found  (period=9mo)
2026-05-07 22:10:48,689 [INFO] analyzer: No OHLC for MUNJALAU, skipping
2026-05-07 22:10:48,695 [ERROR] yfinance: $SHREDIGCEM.NS: possibly delisted; no price data found  (period=9mo)
2026-05-07 22:10:48,700 [ERROR] yfinance: 
1 Failed download:
2026-05-07 22:10:48,700 [ERROR] yfinance: ['SHREDIGCEM.NS']: possibly delisted; no price data found  (period=9mo)
2026-05-07 22:10:48,702 [INFO] analyzer: No OHLC for SHREDIGCEM, skipping
2026-05-07 22:10:48,708 [ERROR] yfinance: Failed to get ticker 'BALPHARMA.NS' reason: Failed to perform, curl: (6) Could not resolve host: query2.finance.yahoo.com. See https://curl.se/libcurl/c/libcurl-errors.html first for more details.
2026-05-07 22:10:48,713 [ERROR] yfinance: $BALPHARMA.NS: possibly delisted; no price data found  (period=9mo)
2026-05-07 22:10:48,713 [ERROR] yfinance: 
1 Failed download:
2026-05-07 22:10:48,713 [ERROR] yfinance: ['BALPHARMA.NS']: possibly delisted; no price data found  (period=9mo)
2026-05-07 22:10:48,715 [INFO] analyzer: No OHLC for BALPHARMA, skipping
2026-05-07 22:10:48,720 [ERROR] yfinance: Failed to get ticker 'VIKRAN.NS' reason: Failed to perform, curl: (6) Could not resolve host: query2.finance.yahoo.com. See https://curl.se/libcurl/c/libcurl-errors.html first for more details.
2026-05-07 22:10:48,724 [ERROR] yfinance: $VIKRAN.NS: possibly delisted; no price data found  (period=9mo)
2026-05-07 22:10:48,726 [ERROR] yfinance: 
1 Failed download:
2026-05-07 22:10:48,726 [ERROR] yfinance: ['VIKRAN.NS']: possibly delisted; no price data found  (period=9mo)
2026-05-07 22:10:48,728 [INFO] analyzer: No OHLC for VIKRAN, skipping
2026-05-07 22:10:48,733 [ERROR] yfinance: $BODALCHEM.NS: possibly delisted; no price data found  (period=9mo)
2026-05-07 22:10:48,739 [ERROR] yfinance: 
1 Failed download:
2026-05-07 22:10:48,739 [ERROR] yfinance: ['BODALCHEM.NS']: possibly delisted; no price data found  (period=9mo)
2026-05-07 22:10:48,741 [INFO] analyzer: No OHLC for BODALCHEM, skipping
2026-05-07 22:10:48,748 [ERROR] yfinance: Failed to get ticker 'NEXT50ADD.NS' reason: Failed to perform, curl: (6) Could not resolve host: query2.finance.yahoo.com. See https://curl.se/libcurl/c/libcurl-errors.html first for more details.
2026-05-07 22:10:48,752 [ERROR] yfinance: $NEXT50ADD.NS: possibly delisted; no price data found  (period=9mo)
2026-05-07 22:10:48,752 [ERROR] yfinance: 
1 Failed download:
2026-05-07 22:10:48,752 [ERROR] yfinance: ['NEXT50ADD.NS']: possibly delisted; no price data found  (period=9mo)
2026-05-07 22:10:48,754 [INFO] analyzer: No OHLC for NEXT50ADD, skipping
2026-05-07 22:10:48,759 [ERROR] yfinance: Failed to get ticker 'TARACHAND.NS' reason: Failed to perform, curl: (6) Could not resolve host: query2.finance.yahoo.com. See https://curl.se/libcurl/c/libcurl-errors.html first for more details.
2026-05-07 22:10:48,763 [ERROR] yfinance: $TARACHAND.NS: possibly delisted; no price data found  (period=9mo)
2026-05-07 22:10:48,765 [ERROR] yfinance: 
1 Failed download:
2026-05-07 22:10:48,765 [ERROR] yfinance: ['TARACHAND.NS']: possibly delisted; no price data found  (period=9mo)
2026-05-07 22:10:48,766 [INFO] analyzer: No OHLC for TARACHAND, skipping
2026-05-07 22:10:48,773 [ERROR] yfinance: $IFCI.NS: possibly delisted; no price data found  (period=9mo)
2026-05-07 22:10:48,777 [ERROR] yfinance: 
1 Failed download:
2026-05-07 22:10:48,777 [ERROR] yfinance: ['IFCI.NS']: possibly delisted; no price data found  (period=9mo)
2026-05-07 22:10:48,779 [INFO] analyzer: No OHLC for IFCI, skipping
2026-05-07 22:10:48,784 [ERROR] yfinance: Failed to get ticker 'BLKASHYAP.NS' reason: Failed to perform, curl: (6) Could not resolve host: query2.finance.yahoo.com. See https://curl.se/libcurl/c/libcurl-errors.html first for more details.
2026-05-07 22:10:48,788 [ERROR] yfinance: $BLKASHYAP.NS: possibly delisted; no price data found  (period=9mo)
2026-05-07 22:10:48,790 [ERROR] yfinance: 
1 Failed download:
2026-05-07 22:10:48,790 [ERROR] yfinance: ['BLKASHYAP.NS']: possibly delisted; no price data found  (period=9mo)
2026-05-07 22:10:48,791 [INFO] analyzer: No OHLC for BLKASHYAP, skipping
2026-05-07 22:10:48,797 [ERROR] yfinance: Failed to get ticker 'LLOYDSENGG.NS' reason: Failed to perform, curl: (6) Could not resolve host: query2.finance.yahoo.com. See https://curl.se/libcurl/c/libcurl-errors.html first for more details.
2026-05-07 22:10:48,801 [ERROR] yfinance: $LLOYDSENGG.NS: possibly delisted; no price data found  (period=9mo)
2026-05-07 22:10:48,802 [ERROR] yfinance: 
1 Failed download:
2026-05-07 22:10:48,802 [ERROR] yfinance: ['LLOYDSENGG.NS']: possibly delisted; no price data found  (period=9mo)
2026-05-07 22:10:48,804 [INFO] analyzer: No OHLC for LLOYDSENGG, skipping
2026-05-07 22:10:48,810 [ERROR] yfinance: Failed to get ticker 'BPL.NS' reason: Failed to perform, curl: (6) Could not resolve host: query2.finance.yahoo.com. See https://curl.se/libcurl/c/libcurl-errors.html first for more details.
2026-05-07 22:10:48,813 [ERROR] yfinance: $BPL.NS: possibly delisted; no price data found  (period=9mo)
2026-05-07 22:10:48,815 [ERROR] yfinance: 
1 Failed download:
2026-05-07 22:10:48,815 [ERROR] yfinance: ['BPL.NS']: possibly delisted; no price data found  (period=9mo)
2026-05-07 22:10:48,816 [INFO] analyzer: No OHLC for BPL, skipping
2026-05-07 22:10:48,821 [ERROR] yfinance: Failed to get ticker 'ROSSELLIND.NS' reason: Failed to perform, curl: (6) Could not resolve host: query2.finance.yahoo.com. See https://curl.se/libcurl/c/libcurl-errors.html first for more details.
2026-05-07 22:10:48,826 [ERROR] yfinance: $ROSSELLIND.NS: possibly delisted; no price data found  (period=9mo)
2026-05-07 22:10:48,827 [ERROR] yfinance: 
1 Failed download:
2026-05-07 22:10:48,827 [ERROR] yfinance: ['ROSSELLIND.NS']: possibly delisted; no price data found  (period=9mo)
2026-05-07 22:10:48,829 [INFO] analyzer: No OHLC for ROSSELLIND, skipping
2026-05-07 22:10:48,835 [ERROR] yfinance: Failed to get ticker 'OBCL.NS' reason: Failed to perform, curl: (6) Could not resolve host: query2.finance.yahoo.com. See https://curl.se/libcurl/c/libcurl-errors.html first for more details.
2026-05-07 22:10:48,840 [ERROR] yfinance: $OBCL.NS: possibly delisted; no price data found  (period=9mo)
2026-05-07 22:10:48,840 [ERROR] yfinance: 
1 Failed download:
2026-05-07 22:10:48,840 [ERROR] yfinance: ['OBCL.NS']: possibly delisted; no price data found  (period=9mo)
2026-05-07 22:10:48,842 [INFO] analyzer: No OHLC for OBCL, skipping
2026-05-07 22:10:48,847 [ERROR] yfinance: Failed to get ticker 'NRL.NS' reason: Failed to perform, curl: (6) Could not resolve host: query2.finance.yahoo.com. See https://curl.se/libcurl/c/libcurl-errors.html first for more details.
2026-05-07 22:10:48,851 [ERROR] yfinance: $NRL.NS: possibly delisted; no price data found  (period=9mo)
2026-05-07 22:10:48,853 [ERROR] yfinance: 
1 Failed download:
2026-05-07 22:10:48,853 [ERROR] yfinance: ['NRL.NS']: possibly delisted; no price data found  (period=9mo)
2026-05-07 22:10:48,855 [INFO] analyzer: No OHLC for NRL, skipping
2026-05-07 22:10:48,860 [ERROR] yfinance: $BONLON.NS: possibly delisted; no price data found  (period=9mo)
2026-05-07 22:10:48,865 [ERROR] yfinance: 
1 Failed download:
2026-05-07 22:10:48,865 [ERROR] yfinance: ['BONLON.NS']: possibly delisted; no price data found  (period=9mo)
2026-05-07 22:10:48,867 [INFO] analyzer: No OHLC for BONLON, skipping
2026-05-07 22:10:48,876 [ERROR] yfinance: Failed to get ticker 'SCILAL.NS' reason: Failed to perform, curl: (6) Could not resolve host: query2.finance.yahoo.com. See https://curl.se/libcurl/c/libcurl-errors.html first for more details.
2026-05-07 22:10:48,880 [ERROR] yfinance: $SCILAL.NS: possibly delisted; no price data found  (period=9mo)
2026-05-07 22:10:48,888 [ERROR] yfinance: 
1 Failed download:
2026-05-07 22:10:48,888 [ERROR] yfinance: ['SCILAL.NS']: possibly delisted; no price data found  (period=9mo)
2026-05-07 22:10:48,890 [INFO] analyzer: No OHLC for SCILAL, skipping
2026-05-07 22:10:48,896 [ERROR] yfinance: Failed to get ticker 'MIDSMALL.NS' reason: Failed to perform, curl: (6) Could not resolve host: query2.finance.yahoo.com. See https://curl.se/libcurl/c/libcurl-errors.html first for more details.
2026-05-07 22:10:48,900 [ERROR] yfinance: $MIDSMALL.NS: possibly delisted; no price data found  (period=9mo)
2026-05-07 22:10:48,901 [ERROR] yfinance: 
1 Failed download:
2026-05-07 22:10:48,901 [ERROR] yfinance: ['MIDSMALL.NS']: possibly delisted; no price data found  (period=9mo)
2026-05-07 22:10:48,903 [INFO] analyzer: No OHLC for MIDSMALL, skipping
2026-05-07 22:10:48,909 [ERROR] yfinance: Failed to get ticker 'SHREECEM.NS' reason: Failed to perform, curl: (6) Could not resolve host: query2.finance.yahoo.com. See https://curl.se/libcurl/c/libcurl-errors.html first for more details.
2026-05-07 22:10:48,914 [ERROR] yfinance: $SHREECEM.NS: possibly delisted; no price data found  (period=9mo)
2026-05-07 22:10:48,924 [ERROR] yfinance: 
1 Failed download:
2026-05-07 22:10:48,924 [ERROR] yfinance: ['SHREECEM.NS']: possibly delisted; no price data found  (period=9mo)
2026-05-07 22:10:48,926 [INFO] analyzer: No OHLC for SHREECEM, skipping
2026-05-07 22:10:48,932 [ERROR] yfinance: Failed to get ticker 'MAHSCOOTER.NS' reason: Failed to perform, curl: (6) Could not resolve host: query2.finance.yahoo.com. See https://curl.se/libcurl/c/libcurl-errors.html first for more details.
2026-05-07 22:10:48,938 [ERROR] yfinance: $MAHSCOOTER.NS: possibly delisted; no price data found  (period=9mo)
2026-05-07 22:10:48,947 [ERROR] yfinance: 
1 Failed download:
2026-05-07 22:10:48,947 [ERROR] yfinance: ['MAHSCOOTER.NS']: possibly delisted; no price data found  (period=9mo)
2026-05-07 22:10:48,949 [INFO] analyzer: No OHLC for MAHSCOOTER, skipping
2026-05-07 22:10:48,954 [ERROR] yfinance: Failed to get ticker 'LUMAXIND.NS' reason: Failed to perform, curl: (6) Could not resolve host: query2.finance.yahoo.com. See https://curl.se/libcurl/c/libcurl-errors.html first for more details.
2026-05-07 22:10:48,958 [ERROR] yfinance: $LUMAXIND.NS: possibly delisted; no price data found  (period=9mo)
2026-05-07 22:10:48,960 [ERROR] yfinance: 
1 Failed download:
2026-05-07 22:10:48,960 [ERROR] yfinance: ['LUMAXIND.NS']: possibly delisted; no price data found  (period=9mo)
2026-05-07 22:10:48,962 [INFO] analyzer: No OHLC for LUMAXIND, skipping
2026-05-07 22:10:48,969 [ERROR] yfinance: Failed to get ticker 'TVSMOTOR.NS' reason: Failed to perform, curl: (6) Could not resolve host: query2.finance.yahoo.com. See https://curl.se/libcurl/c/libcurl-errors.html first for more details.
2026-05-07 22:10:48,973 [ERROR] yfinance: $TVSMOTOR.NS: possibly delisted; no price data found  (period=9mo)
2026-05-07 22:10:48,983 [ERROR] yfinance: 
1 Failed download:
2026-05-07 22:10:48,983 [ERROR] yfinance: ['TVSMOTOR.NS']: possibly delisted; no price data found  (period=9mo)
2026-05-07 22:10:48,984 [INFO] analyzer: No OHLC for TVSMOTOR, skipping
2026-05-07 22:10:48,991 [ERROR] yfinance: Failed to get ticker 'GLAXO.NS' reason: Failed to perform, curl: (6) Could not resolve host: query2.finance.yahoo.com. See https://curl.se/libcurl/c/libcurl-errors.html first for more details.
2026-05-07 22:10:48,995 [ERROR] yfinance: $GLAXO.NS: possibly delisted; no price data found  (period=9mo)
2026-05-07 22:10:48,996 [ERROR] yfinance: 
1 Failed download:
2026-05-07 22:10:48,996 [ERROR] yfinance: ['GLAXO.NS']: possibly delisted; no price data found  (period=9mo)
2026-05-07 22:10:48,998 [INFO] analyzer: No OHLC for GLAXO, skipping
2026-05-07 22:10:49,004 [ERROR] yfinance: Failed to get ticker 'ICICIGI.NS' reason: Failed to perform, curl: (6) Could not resolve host: query2.finance.yahoo.com. See https://curl.se/libcurl/c/libcurl-errors.html first for more details.
2026-05-07 22:10:49,008 [ERROR] yfinance: $ICICIGI.NS: possibly delisted; no price data found  (period=9mo)
2026-05-07 22:10:49,009 [ERROR] yfinance: 
1 Failed download:
2026-05-07 22:10:49,009 [ERROR] yfinance: ['ICICIGI.NS']: possibly delisted; no price data found  (period=9mo)
2026-05-07 22:10:49,011 [INFO] analyzer: No OHLC for ICICIGI, skipping
2026-05-07 22:10:49,016 [ERROR] yfinance: Failed to get ticker 'AFFLE.NS' reason: Failed to perform, curl: (6) Could not resolve host: query2.finance.yahoo.com. See https://curl.se/libcurl/c/libcurl-errors.html first for more details.
2026-05-07 22:10:49,020 [ERROR] yfinance: $AFFLE.NS: possibly delisted; no price data found  (period=9mo)
2026-05-07 22:10:49,022 [ERROR] yfinance: 
1 Failed download:
2026-05-07 22:10:49,022 [ERROR] yfinance: ['AFFLE.NS']: possibly delisted; no price data found  (period=9mo)
2026-05-07 22:10:49,023 [INFO] analyzer: No OHLC for AFFLE, skipping
2026-05-07 22:10:49,029 [ERROR] yfinance: Failed to get ticker 'MIDWESTLTD.NS' reason: Failed to perform, curl: (6) Could not resolve host: query2.finance.yahoo.com. See https://curl.se/libcurl/c/libcurl-errors.html first for more details.
2026-05-07 22:10:49,034 [ERROR] yfinance: $MIDWESTLTD.NS: possibly delisted; no price data found  (period=9mo)
2026-05-07 22:10:49,034 [ERROR] yfinance: 
1 Failed download:
2026-05-07 22:10:49,034 [ERROR] yfinance: ['MIDWESTLTD.NS']: possibly delisted; no price data found  (period=9mo)
2026-05-07 22:10:49,036 [INFO] analyzer: No OHLC for MIDWESTLTD, skipping
2026-05-07 22:10:49,041 [ERROR] yfinance: Failed to get ticker 'RAINBOW.NS' reason: Failed to perform, curl: (6) Could not resolve host: query2.finance.yahoo.com. See https://curl.se/libcurl/c/libcurl-errors.html first for more details.
2026-05-07 22:10:49,046 [ERROR] yfinance: $RAINBOW.NS: possibly delisted; no price data found  (period=9mo)
2026-05-07 22:10:49,047 [ERROR] yfinance: 
1 Failed download:
2026-05-07 22:10:49,047 [ERROR] yfinance: ['RAINBOW.NS']: possibly delisted; no price data found  (period=9mo)
2026-05-07 22:10:49,048 [INFO] analyzer: No OHLC for RAINBOW, skipping
2026-05-07 22:10:49,053 [ERROR] yfinance: Failed to get ticker 'COFORGE.NS' reason: Failed to perform, curl: (6) Could not resolve host: query2.finance.yahoo.com. See https://curl.se/libcurl/c/libcurl-errors.html first for more details.
2026-05-07 22:10:49,057 [ERROR] yfinance: $COFORGE.NS: possibly delisted; no price data found  (period=9mo)
2026-05-07 22:10:49,059 [ERROR] yfinance: 
1 Failed download:
2026-05-07 22:10:49,059 [ERROR] yfinance: ['COFORGE.NS']: possibly delisted; no price data found  (period=9mo)
2026-05-07 22:10:49,061 [INFO] analyzer: No OHLC for COFORGE, skipping
2026-05-07 22:10:49,066 [ERROR] yfinance: Failed to get ticker 'RVTH.NS' reason: Failed to perform, curl: (6) Could not resolve host: query2.finance.yahoo.com. See https://curl.se/libcurl/c/libcurl-errors.html first for more details.
2026-05-07 22:10:49,072 [ERROR] yfinance: $RVTH.NS: possibly delisted; no price data found  (period=9mo)
2026-05-07 22:10:49,082 [ERROR] yfinance: 
1 Failed download:
2026-05-07 22:10:49,082 [ERROR] yfinance: ['RVTH.NS']: possibly delisted; no price data found  (period=9mo)
2026-05-07 22:10:49,084 [INFO] analyzer: No OHLC for RVTH, skipping
2026-05-07 22:10:49,089 [ERROR] yfinance: Failed to get ticker 'EMUDHRA.NS' reason: Failed to perform, curl: (6) Could not resolve host: query2.finance.yahoo.com. See https://curl.se/libcurl/c/libcurl-errors.html first for more details.
2026-05-07 22:10:49,093 [ERROR] yfinance: $EMUDHRA.NS: possibly delisted; no price data found  (period=9mo)
2026-05-07 22:10:49,095 [ERROR] yfinance: 
1 Failed download:
2026-05-07 22:10:49,095 [ERROR] yfinance: ['EMUDHRA.NS']: possibly delisted; no price data found  (period=9mo)
2026-05-07 22:10:49,096 [INFO] analyzer: No OHLC for EMUDHRA, skipping
2026-05-07 22:10:49,102 [ERROR] yfinance: Failed to get ticker 'STEL.NS' reason: Failed to perform, curl: (6) Could not resolve host: query2.finance.yahoo.com. See https://curl.se/libcurl/c/libcurl-errors.html first for more details.
2026-05-07 22:10:49,105 [ERROR] yfinance: $STEL.NS: possibly delisted; no price data found  (period=9mo)
2026-05-07 22:10:49,107 [ERROR] yfinance: 
1 Failed download:
2026-05-07 22:10:49,107 [ERROR] yfinance: ['STEL.NS']: possibly delisted; no price data found  (period=9mo)
2026-05-07 22:10:49,109 [INFO] analyzer: No OHLC for STEL, skipping
2026-05-07 22:10:49,115 [ERROR] yfinance: $DELHIVERY.NS: possibly delisted; no price data found  (period=9mo)
2026-05-07 22:10:49,120 [ERROR] yfinance: 
1 Failed download:
2026-05-07 22:10:49,120 [ERROR] yfinance: ['DELHIVERY.NS']: possibly delisted; no price data found  (period=9mo)
2026-05-07 22:10:49,121 [INFO] analyzer: No OHLC for DELHIVERY, skipping
2026-05-07 22:10:49,128 [ERROR] yfinance: Failed to get ticker 'HEXT.NS' reason: Failed to perform, curl: (6) Could not resolve host: query2.finance.yahoo.com. See https://curl.se/libcurl/c/libcurl-errors.html first for more details.
2026-05-07 22:10:49,133 [ERROR] yfinance: $HEXT.NS: possibly delisted; no price data found  (period=9mo)
2026-05-07 22:10:49,133 [ERROR] yfinance: 
1 Failed download:
2026-05-07 22:10:49,133 [ERROR] yfinance: ['HEXT.NS']: possibly delisted; no price data found  (period=9mo)
2026-05-07 22:10:49,135 [INFO] analyzer: No OHLC for HEXT, skipping
2026-05-07 22:10:49,141 [ERROR] yfinance: Failed to get ticker 'MSTCLTD.NS' reason: Failed to perform, curl: (6) Could not resolve host: query2.finance.yahoo.com. See https://curl.se/libcurl/c/libcurl-errors.html first for more details.
2026-05-07 22:10:49,145 [ERROR] yfinance: $MSTCLTD.NS: possibly delisted; no price data found  (period=9mo)
2026-05-07 22:10:49,146 [ERROR] yfinance: 
1 Failed download:
2026-05-07 22:10:49,146 [ERROR] yfinance: ['MSTCLTD.NS']: possibly delisted; no price data found  (period=9mo)
2026-05-07 22:10:49,147 [INFO] analyzer: No OHLC for MSTCLTD, skipping
2026-05-07 22:10:49,152 [ERROR] yfinance: Failed to get ticker 'ARVIND.NS' reason: Failed to perform, curl: (6) Could not resolve host: query2.finance.yahoo.com. See https://curl.se/libcurl/c/libcurl-errors.html first for more details.
2026-05-07 22:10:49,156 [ERROR] yfinance: $ARVIND.NS: possibly delisted; no price data found  (period=9mo)
2026-05-07 22:10:49,158 [ERROR] yfinance: 
1 Failed download:
2026-05-07 22:10:49,158 [ERROR] yfinance: ['ARVIND.NS']: possibly delisted; no price data found  (period=9mo)
2026-05-07 22:10:49,160 [INFO] analyzer: No OHLC for ARVIND, skipping
2026-05-07 22:10:49,165 [ERROR] yfinance: Failed to get ticker 'SUPRAJIT.NS' reason: Failed to perform, curl: (6) Could not resolve host: query2.finance.yahoo.com. See https://curl.se/libcurl/c/libcurl-errors.html first for more details.
2026-05-07 22:10:49,169 [ERROR] yfinance: $SUPRAJIT.NS: possibly delisted; no price data found  (period=9mo)
2026-05-07 22:10:49,171 [ERROR] yfinance: 
1 Failed download:
2026-05-07 22:10:49,171 [ERROR] yfinance: ['SUPRAJIT.NS']: possibly delisted; no price data found  (period=9mo)
2026-05-07 22:10:49,172 [INFO] analyzer: No OHLC for SUPRAJIT, skipping
2026-05-07 22:10:49,179 [ERROR] yfinance: Failed to get ticker 'BAJAJHCARE.NS' reason: Failed to perform, curl: (6) Could not resolve host: query2.finance.yahoo.com. See https://curl.se/libcurl/c/libcurl-errors.html first for more details.
2026-05-07 22:10:49,182 [ERROR] yfinance: $BAJAJHCARE.NS: possibly delisted; no price data found  (period=9mo)
2026-05-07 22:10:49,183 [ERROR] yfinance: 
1 Failed download:
2026-05-07 22:10:49,183 [ERROR] yfinance: ['BAJAJHCARE.NS']: possibly delisted; no price data found  (period=9mo)
2026-05-07 22:10:49,185 [INFO] analyzer: No OHLC for BAJAJHCARE, skipping
2026-05-07 22:10:49,190 [ERROR] yfinance: $FLAIR.NS: possibly delisted; no price data found  (period=9mo)
2026-05-07 22:10:49,196 [ERROR] yfinance: 
1 Failed download:
2026-05-07 22:10:49,196 [ERROR] yfinance: ['FLAIR.NS']: possibly delisted; no price data found  (period=9mo)
2026-05-07 22:10:49,197 [INFO] analyzer: No OHLC for FLAIR, skipping
2026-05-07 22:10:49,203 [ERROR] yfinance: Failed to get ticker 'IRIS.NS' reason: Failed to perform, curl: (6) Could not resolve host: query2.finance.yahoo.com. See https://curl.se/libcurl/c/libcurl-errors.html first for more details.
2026-05-07 22:10:49,207 [ERROR] yfinance: $IRIS.NS: possibly delisted; no price data found  (period=9mo)
2026-05-07 22:10:49,208 [ERROR] yfinance: 
1 Failed download:
2026-05-07 22:10:49,209 [ERROR] yfinance: ['IRIS.NS']: possibly delisted; no price data found  (period=9mo)
2026-05-07 22:10:49,210 [INFO] analyzer: No OHLC for IRIS, skipping
2026-05-07 22:10:49,216 [ERROR] yfinance: $BELRISE.NS: possibly delisted; no price data found  (period=9mo)
2026-05-07 22:10:49,221 [ERROR] yfinance: 
1 Failed download:
2026-05-07 22:10:49,221 [ERROR] yfinance: ['BELRISE.NS']: possibly delisted; no price data found  (period=9mo)
2026-05-07 22:10:49,223 [INFO] analyzer: No OHLC for BELRISE, skipping
2026-05-07 22:10:49,228 [ERROR] yfinance: Failed to get ticker 'HUBTOWN.NS' reason: Failed to perform, curl: (6) Could not resolve host: query2.finance.yahoo.com. See https://curl.se/libcurl/c/libcurl-errors.html first for more details.
2026-05-07 22:10:49,232 [ERROR] yfinance: $HUBTOWN.NS: possibly delisted; no price data found  (period=9mo)
2026-05-07 22:10:49,234 [ERROR] yfinance: 
1 Failed download:
2026-05-07 22:10:49,234 [ERROR] yfinance: ['HUBTOWN.NS']: possibly delisted; no price data found  (period=9mo)
2026-05-07 22:10:49,235 [INFO] analyzer: No OHLC for HUBTOWN, skipping
2026-05-07 22:10:49,241 [ERROR] yfinance: Failed to get ticker 'QUICKHEAL.NS' reason: Failed to perform, curl: (6) Could not resolve host: query2.finance.yahoo.com. See https://curl.se/libcurl/c/libcurl-errors.html first for more details.
2026-05-07 22:10:49,244 [ERROR] yfinance: $QUICKHEAL.NS: possibly delisted; no price data found  (period=9mo)
2026-05-07 22:10:49,246 [ERROR] yfinance: 
1 Failed download:
2026-05-07 22:10:49,246 [ERROR] yfinance: ['QUICKHEAL.NS']: possibly delisted; no price data found  (period=9mo)
2026-05-07 22:10:49,248 [INFO] analyzer: No OHLC for QUICKHEAL, skipping
2026-05-07 22:10:49,254 [ERROR] yfinance: Failed to get ticker 'SKMEGGPROD.NS' reason: Failed to perform, curl: (6) Could not resolve host: query2.finance.yahoo.com. See https://curl.se/libcurl/c/libcurl-errors.html first for more details.
2026-05-07 22:10:49,259 [ERROR] yfinance: $SKMEGGPROD.NS: possibly delisted; no price data found  (period=9mo)
2026-05-07 22:10:49,269 [ERROR] yfinance: 
1 Failed download:
2026-05-07 22:10:49,269 [ERROR] yfinance: ['SKMEGGPROD.NS']: possibly delisted; no price data found  (period=9mo)
2026-05-07 22:10:49,271 [INFO] analyzer: No OHLC for SKMEGGPROD, skipping
2026-05-07 22:10:49,277 [ERROR] yfinance: Failed to get ticker 'HITECHCORP.NS' reason: Failed to perform, curl: (6) Could not resolve host: query2.finance.yahoo.com. See https://curl.se/libcurl/c/libcurl-errors.html first for more details.
2026-05-07 22:10:49,282 [ERROR] yfinance: $HITECHCORP.NS: possibly delisted; no price data found  (period=9mo)
2026-05-07 22:10:49,292 [ERROR] yfinance: 
1 Failed download:
2026-05-07 22:10:49,292 [ERROR] yfinance: ['HITECHCORP.NS']: possibly delisted; no price data found  (period=9mo)
2026-05-07 22:10:49,294 [INFO] analyzer: No OHLC for HITECHCORP, skipping
2026-05-07 22:10:49,300 [ERROR] yfinance: Failed to get ticker 'RELCHEMQ.NS' reason: Failed to perform, curl: (6) Could not resolve host: query2.finance.yahoo.com. See https://curl.se/libcurl/c/libcurl-errors.html first for more details.
2026-05-07 22:10:49,304 [ERROR] yfinance: $RELCHEMQ.NS: possibly delisted; no price data found  (period=9mo)
2026-05-07 22:10:49,305 [ERROR] yfinance: 
1 Failed download:
2026-05-07 22:10:49,305 [ERROR] yfinance: ['RELCHEMQ.NS']: possibly delisted; no price data found  (period=9mo)
2026-05-07 22:10:49,307 [INFO] analyzer: No OHLC for RELCHEMQ, skipping
2026-05-07 22:10:49,312 [ERROR] yfinance: Failed to get ticker 'EXICOM.NS' reason: Failed to perform, curl: (6) Could not resolve host: query2.finance.yahoo.com. See https://curl.se/libcurl/c/libcurl-errors.html first for more details.
2026-05-07 22:10:49,316 [ERROR] yfinance: $EXICOM.NS: possibly delisted; no price data found  (period=9mo)
2026-05-07 22:10:49,317 [ERROR] yfinance: 
1 Failed download:
2026-05-07 22:10:49,317 [ERROR] yfinance: ['EXICOM.NS']: possibly delisted; no price data found  (period=9mo)
2026-05-07 22:10:49,319 [INFO] analyzer: No OHLC for EXICOM, skipping
2026-05-07 22:10:49,325 [ERROR] yfinance: Failed to get ticker 'RGL.NS' reason: Failed to perform, curl: (6) Could not resolve host: query2.finance.yahoo.com. See https://curl.se/libcurl/c/libcurl-errors.html first for more details.
2026-05-07 22:10:49,329 [ERROR] yfinance: $RGL.NS: possibly delisted; no price data found  (period=9mo)
2026-05-07 22:10:49,330 [ERROR] yfinance: 
1 Failed download:
2026-05-07 22:10:49,330 [ERROR] yfinance: ['RGL.NS']: possibly delisted; no price data found  (period=9mo)
2026-05-07 22:10:49,332 [INFO] analyzer: No OHLC for RGL, skipping
2026-05-07 22:10:49,336 [ERROR] yfinance: Failed to get ticker 'OCCLLTD.NS' reason: Failed to perform, curl: (6) Could not resolve host: query2.finance.yahoo.com. See https://curl.se/libcurl/c/libcurl-errors.html first for more details.
2026-05-07 22:10:49,341 [ERROR] yfinance: $OCCLLTD.NS: possibly delisted; no price data found  (period=9mo)
2026-05-07 22:10:49,343 [ERROR] yfinance: 
1 Failed download:
2026-05-07 22:10:49,343 [ERROR] yfinance: ['OCCLLTD.NS']: possibly delisted; no price data found  (period=9mo)
2026-05-07 22:10:49,344 [INFO] analyzer: No OHLC for OCCLLTD, skipping
2026-05-07 22:10:49,350 [ERROR] yfinance: Failed to get ticker 'ISFT.NS' reason: Failed to perform, curl: (6) Could not resolve host: query2.finance.yahoo.com. See https://curl.se/libcurl/c/libcurl-errors.html first for more details.
2026-05-07 22:10:49,353 [ERROR] yfinance: $ISFT.NS: possibly delisted; no price data found  (period=9mo)
2026-05-07 22:10:49,355 [ERROR] yfinance: 
1 Failed download:
2026-05-07 22:10:49,355 [ERROR] yfinance: ['ISFT.NS']: possibly delisted; no price data found  (period=9mo)
2026-05-07 22:10:49,357 [INFO] analyzer: No OHLC for ISFT, skipping
2026-05-07 22:10:49,362 [ERROR] yfinance: Failed to get ticker 'UFO.NS' reason: Failed to perform, curl: (6) Could not resolve host: query2.finance.yahoo.com. See https://curl.se/libcurl/c/libcurl-errors.html first for more details.
2026-05-07 22:10:49,367 [ERROR] yfinance: $UFO.NS: possibly delisted; no price data found  (period=9mo)
2026-05-07 22:10:49,367 [ERROR] yfinance: 
1 Failed download:
2026-05-07 22:10:49,368 [ERROR] yfinance: ['UFO.NS']: possibly delisted; no price data found  (period=9mo)
2026-05-07 22:10:49,369 [INFO] analyzer: No OHLC for UFO, skipping
2026-05-07 22:10:49,375 [ERROR] yfinance: $GSEC5IETF.NS: possibly delisted; no price data found  (period=9mo)
2026-05-07 22:10:49,380 [ERROR] yfinance: 
1 Failed download:
2026-05-07 22:10:49,380 [ERROR] yfinance: ['GSEC5IETF.NS']: possibly delisted; no price data found  (period=9mo)
2026-05-07 22:10:49,381 [INFO] analyzer: No OHLC for GSEC5IETF, skipping
2026-05-07 22:10:49,386 [ERROR] yfinance: Failed to get ticker 'SAURASHCEM.NS' reason: Failed to perform, curl: (6) Could not resolve host: query2.finance.yahoo.com. See https://curl.se/libcurl/c/libcurl-errors.html first for more details.
2026-05-07 22:10:49,390 [ERROR] yfinance: $SAURASHCEM.NS: possibly delisted; no price data found  (period=9mo)
2026-05-07 22:10:49,392 [ERROR] yfinance: 
1 Failed download:
2026-05-07 22:10:49,393 [ERROR] yfinance: ['SAURASHCEM.NS']: possibly delisted; no price data found  (period=9mo)
2026-05-07 22:10:49,395 [INFO] analyzer: No OHLC for SAURASHCEM, skipping
2026-05-07 22:10:49,400 [ERROR] yfinance: Failed to get ticker 'BANKADD.NS' reason: Failed to perform, curl: (6) Could not resolve host: query2.finance.yahoo.com. See https://curl.se/libcurl/c/libcurl-errors.html first for more details.
2026-05-07 22:10:49,404 [ERROR] yfinance: $BANKADD.NS: possibly delisted; no price data found  (period=9mo)
2026-05-07 22:10:49,406 [ERROR] yfinance: 
1 Failed download:
2026-05-07 22:10:49,406 [ERROR] yfinance: ['BANKADD.NS']: possibly delisted; no price data found  (period=9mo)
2026-05-07 22:10:49,407 [INFO] analyzer: No OHLC for BANKADD, skipping
2026-05-07 22:10:49,412 [ERROR] yfinance: Failed to get ticker 'NIFTY50EQLWGT.NS' reason: Failed to perform, curl: (6) Could not resolve host: query2.finance.yahoo.com. See https://curl.se/libcurl/c/libcurl-errors.html first for more details.
2026-05-07 22:10:49,416 [ERROR] yfinance: $NIFTY50EQLWGT.NS: possibly delisted; no price data found  (period=9mo)
2026-05-07 22:10:49,418 [ERROR] yfinance: 
1 Failed download:
2026-05-07 22:10:49,418 [ERROR] yfinance: ['NIFTY50EQLWGT.NS']: possibly delisted; no price data found  (period=9mo)
2026-05-07 22:10:49,420 [INFO] analyzer: No OHLC for NIFTY50EQLWGT, skipping
2026-05-07 22:10:49,426 [ERROR] yfinance: Failed to get ticker 'TVSHLTD.NS' reason: Failed to perform, curl: (6) Could not resolve host: query2.finance.yahoo.com. See https://curl.se/libcurl/c/libcurl-errors.html first for more details.
2026-05-07 22:10:49,431 [ERROR] yfinance: $TVSHLTD.NS: possibly delisted; no price data found  (period=9mo)
2026-05-07 22:10:49,441 [ERROR] yfinance: 
1 Failed download:
2026-05-07 22:10:49,441 [ERROR] yfinance: ['TVSHLTD.NS']: possibly delisted; no price data found  (period=9mo)
2026-05-07 22:10:49,443 [INFO] analyzer: No OHLC for TVSHLTD, skipping
2026-05-07 22:10:49,448 [ERROR] yfinance: Failed to get ticker 'CNXINFRA.NS' reason: Failed to perform, curl: (6) Could not resolve host: query2.finance.yahoo.com. See https://curl.se/libcurl/c/libcurl-errors.html first for more details.
2026-05-07 22:10:49,453 [ERROR] yfinance: $CNXINFRA.NS: possibly delisted; no price data found  (period=9mo)
2026-05-07 22:10:49,454 [ERROR] yfinance: 
1 Failed download:
2026-05-07 22:10:49,454 [ERROR] yfinance: ['CNXINFRA.NS']: possibly delisted; no price data found  (period=9mo)
2026-05-07 22:10:49,456 [INFO] analyzer: No OHLC for CNXINFRA, skipping
2026-05-07 22:10:49,461 [ERROR] yfinance: $APOLLOHOSP.NS: possibly delisted; no price data found  (period=9mo)
2026-05-07 22:10:49,467 [ERROR] yfinance: 
1 Failed download:
2026-05-07 22:10:49,467 [ERROR] yfinance: ['APOLLOHOSP.NS']: possibly delisted; no price data found  (period=9mo)
2026-05-07 22:10:49,468 [INFO] analyzer: No OHLC for APOLLOHOSP, skipping
2026-05-07 22:10:49,473 [ERROR] yfinance: Failed to get ticker 'NIFTY100LIQ15.NS' reason: Failed to perform, curl: (6) Could not resolve host: query2.finance.yahoo.com. See https://curl.se/libcurl/c/libcurl-errors.html first for more details.
2026-05-07 22:10:49,478 [ERROR] yfinance: $NIFTY100LIQ15.NS: possibly delisted; no price data found  (period=9mo)
2026-05-07 22:10:49,479 [ERROR] yfinance: 
1 Failed download:
2026-05-07 22:10:49,479 [ERROR] yfinance: ['NIFTY100LIQ15.NS']: possibly delisted; no price data found  (period=9mo)
2026-05-07 22:10:49,481 [INFO] analyzer: No OHLC for NIFTY100LIQ15, skipping
2026-05-07 22:10:49,486 [ERROR] yfinance: Failed to get ticker 'NIFTYCPSE.NS' reason: Failed to perform, curl: (6) Could not resolve host: query2.finance.yahoo.com. See https://curl.se/libcurl/c/libcurl-errors.html first for more details.
2026-05-07 22:10:49,490 [ERROR] yfinance: $NIFTYCPSE.NS: possibly delisted; no price data found  (period=9mo)
2026-05-07 22:10:49,492 [ERROR] yfinance: 
1 Failed download:
2026-05-07 22:10:49,492 [ERROR] yfinance: ['NIFTYCPSE.NS']: possibly delisted; no price data found  (period=9mo)
2026-05-07 22:10:49,493 [INFO] analyzer: No OHLC for NIFTYCPSE, skipping
2026-05-07 22:10:49,498 [ERROR] yfinance: $EICHERMOT.NS: possibly delisted; no price data found  (period=9mo)
2026-05-07 22:10:49,504 [ERROR] yfinance: 
1 Failed download:
2026-05-07 22:10:49,504 [ERROR] yfinance: ['EICHERMOT.NS']: possibly delisted; no price data found  (period=9mo)
2026-05-07 22:10:49,506 [INFO] analyzer: No OHLC for EICHERMOT, skipping
2026-05-07 22:10:49,511 [ERROR] yfinance: Failed to get ticker 'ABB.NS' reason: Failed to perform, curl: (6) Could not resolve host: query2.finance.yahoo.com. See https://curl.se/libcurl/c/libcurl-errors.html first for more details.
2026-05-07 22:10:49,514 [ERROR] yfinance: $ABB.NS: possibly delisted; no price data found  (period=9mo)
2026-05-07 22:10:49,517 [ERROR] yfinance: 
1 Failed download:
2026-05-07 22:10:49,517 [ERROR] yfinance: ['ABB.NS']: possibly delisted; no price data found  (period=9mo)
2026-05-07 22:10:49,518 [INFO] analyzer: No OHLC for ABB, skipping
2026-05-07 22:10:49,523 [ERROR] yfinance: Failed to get ticker 'ALKEM.NS' reason: Failed to perform, curl: (6) Could not resolve host: query2.finance.yahoo.com. See https://curl.se/libcurl/c/libcurl-errors.html first for more details.
2026-05-07 22:10:49,528 [ERROR] yfinance: $ALKEM.NS: possibly delisted; no price data found  (period=9mo)
2026-05-07 22:10:49,529 [ERROR] yfinance: 
1 Failed download:
2026-05-07 22:10:49,529 [ERROR] yfinance: ['ALKEM.NS']: possibly delisted; no price data found  (period=9mo)
2026-05-07 22:10:49,531 [INFO] analyzer: No OHLC for ALKEM, skipping
2026-05-07 22:10:49,537 [ERROR] yfinance: Failed to get ticker 'HEROMOTOCO.NS' reason: Failed to perform, curl: (6) Could not resolve host: query2.finance.yahoo.com. See https://curl.se/libcurl/c/libcurl-errors.html first for more details.
2026-05-07 22:10:49,542 [ERROR] yfinance: $HEROMOTOCO.NS: possibly delisted; no price data found  (period=9mo)
2026-05-07 22:10:49,552 [ERROR] yfinance: 
1 Failed download:
2026-05-07 22:10:49,552 [ERROR] yfinance: ['HEROMOTOCO.NS']: possibly delisted; no price data found  (period=9mo)
2026-05-07 22:10:49,554 [INFO] analyzer: No OHLC for HEROMOTOCO, skipping
2026-05-07 22:10:49,559 [ERROR] yfinance: $SCHAEFFLER.NS: possibly delisted; no price data found  (period=9mo)
2026-05-07 22:10:49,565 [ERROR] yfinance: 
1 Failed download:
2026-05-07 22:10:49,565 [ERROR] yfinance: ['SCHAEFFLER.NS']: possibly delisted; no price data found  (period=9mo)
2026-05-07 22:10:49,566 [INFO] analyzer: No OHLC for SCHAEFFLER, skipping
2026-05-07 22:10:49,572 [ERROR] yfinance: $THANGAMAYL.NS: possibly delisted; no price data found  (period=9mo)
2026-05-07 22:10:49,578 [ERROR] yfinance: 
1 Failed download:
2026-05-07 22:10:49,578 [ERROR] yfinance: ['THANGAMAYL.NS']: possibly delisted; no price data found  (period=9mo)
2026-05-07 22:10:49,580 [INFO] analyzer: No OHLC for THANGAMAYL, skipping
2026-05-07 22:10:49,587 [ERROR] yfinance: $LT.NS: possibly delisted; no price data found  (period=9mo)
2026-05-07 22:10:49,591 [ERROR] yfinance: 
1 Failed download:
2026-05-07 22:10:49,592 [ERROR] yfinance: ['LT.NS']: possibly delisted; no price data found  (period=9mo)
2026-05-07 22:10:49,594 [INFO] analyzer: No OHLC for LT, skipping
2026-05-07 22:10:49,603 [ERROR] yfinance: $AIAENG.NS: possibly delisted; no price data found  (period=9mo)
2026-05-07 22:10:49,606 [ERROR] yfinance: 
1 Failed download:
2026-05-07 22:10:49,606 [ERROR] yfinance: ['AIAENG.NS']: possibly delisted; no price data found  (period=9mo)
2026-05-07 22:10:49,608 [INFO] analyzer: No OHLC for AIAENG, skipping
2026-05-07 22:10:49,616 [ERROR] yfinance: $TVSSRICHAK.NS: possibly delisted; no price data found  (period=9mo)
2026-05-07 22:10:49,620 [ERROR] yfinance: 
1 Failed download:
2026-05-07 22:10:49,620 [ERROR] yfinance: ['TVSSRICHAK.NS']: possibly delisted; no price data found  (period=9mo)
2026-05-07 22:10:49,621 [INFO] analyzer: No OHLC for TVSSRICHAK, skipping
2026-05-07 22:10:49,629 [ERROR] yfinance: $MUTHOOTFIN.NS: possibly delisted; no price data found  (period=9mo)
2026-05-07 22:10:49,633 [ERROR] yfinance: 
1 Failed download:
2026-05-07 22:10:49,633 [ERROR] yfinance: ['MUTHOOTFIN.NS']: possibly delisted; no price data found  (period=9mo)
2026-05-07 22:10:49,634 [INFO] analyzer: No OHLC for MUTHOOTFIN, skipping
2026-05-07 22:10:49,641 [ERROR] yfinance: $NIFTYGS15YRPLUS.NS: possibly delisted; no price data found  (period=9mo)
2026-05-07 22:10:49,646 [ERROR] yfinance: 
1 Failed download:
2026-05-07 22:10:49,646 [ERROR] yfinance: ['NIFTYGS15YRPLUS.NS']: possibly delisted; no price data found  (period=9mo)
2026-05-07 22:10:49,647 [INFO] analyzer: No OHLC for NIFTYGS15YRPLUS, skipping
2026-05-07 22:10:49,653 [ERROR] yfinance: $TIMKEN.NS: possibly delisted; no price data found  (period=9mo)
2026-05-07 22:10:49,658 [ERROR] yfinance: 
1 Failed download:
2026-05-07 22:10:49,659 [ERROR] yfinance: ['TIMKEN.NS']: possibly delisted; no price data found  (period=9mo)
2026-05-07 22:10:49,660 [INFO] analyzer: No OHLC for TIMKEN, skipping
2026-05-07 22:10:49,666 [ERROR] yfinance: $ICICIAMC.NS: possibly delisted; no price data found  (period=9mo)
2026-05-07 22:10:49,671 [ERROR] yfinance: 
1 Failed download:
2026-05-07 22:10:49,671 [ERROR] yfinance: ['ICICIAMC.NS']: possibly delisted; no price data found  (period=9mo)
2026-05-07 22:10:49,673 [INFO] analyzer: No OHLC for ICICIAMC, skipping
2026-05-07 22:10:49,678 [ERROR] yfinance: Failed to get ticker 'NIFTYGS48YR.NS' reason: Failed to perform, curl: (6) Could not resolve host: query2.finance.yahoo.com. See https://curl.se/libcurl/c/libcurl-errors.html first for more details.
2026-05-07 22:10:49,682 [ERROR] yfinance: $NIFTYGS48YR.NS: possibly delisted; no price data found  (period=9mo)
2026-05-07 22:10:49,684 [ERROR] yfinance: 
1 Failed download:
2026-05-07 22:10:49,684 [ERROR] yfinance: ['NIFTYGS48YR.NS']: possibly delisted; no price data found  (period=9mo)
2026-05-07 22:10:49,686 [INFO] analyzer: No OHLC for NIFTYGS48YR, skipping
2026-05-07 22:10:49,691 [ERROR] yfinance: Failed to get ticker 'NIFTYGS1115YR.NS' reason: Failed to perform, curl: (6) Could not resolve host: query2.finance.yahoo.com. See https://curl.se/libcurl/c/libcurl-errors.html first for more details.
2026-05-07 22:10:49,695 [ERROR] yfinance: $NIFTYGS1115YR.NS: possibly delisted; no price data found  (period=9mo)
2026-05-07 22:10:49,696 [ERROR] yfinance: 
1 Failed download:
2026-05-07 22:10:49,696 [ERROR] yfinance: ['NIFTYGS1115YR.NS']: possibly delisted; no price data found  (period=9mo)
2026-05-07 22:10:49,698 [INFO] analyzer: No OHLC for NIFTYGS1115YR, skipping
2026-05-07 22:10:49,704 [ERROR] yfinance: Failed to get ticker 'ENRIN.NS' reason: Failed to perform, curl: (6) Could not resolve host: query2.finance.yahoo.com. See https://curl.se/libcurl/c/libcurl-errors.html first for more details.
2026-05-07 22:10:49,708 [ERROR] yfinance: $ENRIN.NS: possibly delisted; no price data found  (period=9mo)
2026-05-07 22:10:49,709 [ERROR] yfinance: 
1 Failed download:
2026-05-07 22:10:49,709 [ERROR] yfinance: ['ENRIN.NS']: possibly delisted; no price data found  (period=9mo)
2026-05-07 22:10:49,711 [INFO] analyzer: No OHLC for ENRIN, skipping
2026-05-07 22:10:49,715 [ERROR] yfinance: Failed to get ticker 'NIFTYGSCOMPSITE.NS' reason: Failed to perform, curl: (6) Could not resolve host: query2.finance.yahoo.com. See https://curl.se/libcurl/c/libcurl-errors.html first for more details.
2026-05-07 22:10:49,720 [ERROR] yfinance: $NIFTYGSCOMPSITE.NS: possibly delisted; no price data found  (period=9mo)
2026-05-07 22:10:49,721 [ERROR] yfinance: 
1 Failed download:
2026-05-07 22:10:49,721 [ERROR] yfinance: ['NIFTYGSCOMPSITE.NS']: possibly delisted; no price data found  (period=9mo)
2026-05-07 22:10:49,723 [INFO] analyzer: No OHLC for NIFTYGSCOMPSITE, skipping
2026-05-07 22:10:49,729 [ERROR] yfinance: Failed to get ticker 'NIFTYGS813YR.NS' reason: Failed to perform, curl: (6) Could not resolve host: query2.finance.yahoo.com. See https://curl.se/libcurl/c/libcurl-errors.html first for more details.
2026-05-07 22:10:49,732 [ERROR] yfinance: $NIFTYGS813YR.NS: possibly delisted; no price data found  (period=9mo)
2026-05-07 22:10:49,734 [ERROR] yfinance: 
1 Failed download:
2026-05-07 22:10:49,734 [ERROR] yfinance: ['NIFTYGS813YR.NS']: possibly delisted; no price data found  (period=9mo)
2026-05-07 22:10:49,736 [INFO] analyzer: No OHLC for NIFTYGS813YR, skipping
2026-05-07 22:10:49,742 [ERROR] yfinance: Failed to get ticker 'CENTUM.NS' reason: Failed to perform, curl: (6) Could not resolve host: query2.finance.yahoo.com. See https://curl.se/libcurl/c/libcurl-errors.html first for more details.
2026-05-07 22:10:49,745 [ERROR] yfinance: $CENTUM.NS: possibly delisted; no price data found  (period=9mo)
2026-05-07 22:10:49,747 [ERROR] yfinance: 
1 Failed download:
2026-05-07 22:10:49,747 [ERROR] yfinance: ['CENTUM.NS']: possibly delisted; no price data found  (period=9mo)
2026-05-07 22:10:49,749 [INFO] analyzer: No OHLC for CENTUM, skipping
2026-05-07 22:10:49,755 [ERROR] yfinance: Failed to get ticker 'NIFTYGS10YR.NS' reason: Failed to perform, curl: (6) Could not resolve host: query2.finance.yahoo.com. See https://curl.se/libcurl/c/libcurl-errors.html first for more details.
2026-05-07 22:10:49,761 [ERROR] yfinance: $NIFTYGS10YR.NS: possibly delisted; no price data found  (period=9mo)
2026-05-07 22:10:49,770 [ERROR] yfinance: 
1 Failed download:
2026-05-07 22:10:49,770 [ERROR] yfinance: ['NIFTYGS10YR.NS']: possibly delisted; no price data found  (period=9mo)
2026-05-07 22:10:49,772 [INFO] analyzer: No OHLC for NIFTYGS10YR, skipping
2026-05-07 22:10:49,777 [ERROR] yfinance: Failed to get ticker 'ADVAIT.NS' reason: Failed to perform, curl: (6) Could not resolve host: query2.finance.yahoo.com. See https://curl.se/libcurl/c/libcurl-errors.html first for more details.
2026-05-07 22:10:49,782 [ERROR] yfinance: $ADVAIT.NS: possibly delisted; no price data found  (period=9mo)
2026-05-07 22:10:49,783 [ERROR] yfinance: 
1 Failed download:
2026-05-07 22:10:49,783 [ERROR] yfinance: ['ADVAIT.NS']: possibly delisted; no price data found  (period=9mo)
2026-05-07 22:10:49,784 [INFO] analyzer: No OHLC for ADVAIT, skipping
2026-05-07 22:10:49,790 [ERROR] yfinance: Failed to get ticker 'SWANDEF.NS' reason: Failed to perform, curl: (6) Could not resolve host: query2.finance.yahoo.com. See https://curl.se/libcurl/c/libcurl-errors.html first for more details.
2026-05-07 22:10:49,793 [ERROR] yfinance: $SWANDEF.NS: possibly delisted; no price data found  (period=9mo)
2026-05-07 22:10:49,795 [ERROR] yfinance: 
1 Failed download:
2026-05-07 22:10:49,796 [ERROR] yfinance: ['SWANDEF.NS']: possibly delisted; no price data found  (period=9mo)
2026-05-07 22:10:49,797 [INFO] analyzer: No OHLC for SWANDEF, skipping
2026-05-07 22:10:49,802 [ERROR] yfinance: Failed to get ticker 'MFSL.NS' reason: Failed to perform, curl: (6) Could not resolve host: query2.finance.yahoo.com. See https://curl.se/libcurl/c/libcurl-errors.html first for more details.
2026-05-07 22:10:49,806 [ERROR] yfinance: $MFSL.NS: possibly delisted; no price data found  (period=9mo)
2026-05-07 22:10:49,808 [ERROR] yfinance: 
1 Failed download:
2026-05-07 22:10:49,808 [ERROR] yfinance: ['MFSL.NS']: possibly delisted; no price data found  (period=9mo)
2026-05-07 22:10:49,810 [INFO] analyzer: No OHLC for MFSL, skipping
2026-05-07 22:10:49,815 [ERROR] yfinance: Failed to get ticker 'LUMAXTECH.NS' reason: Failed to perform, curl: (6) Could not resolve host: query2.finance.yahoo.com. See https://curl.se/libcurl/c/libcurl-errors.html first for more details.
2026-05-07 22:10:49,819 [ERROR] yfinance: $LUMAXTECH.NS: possibly delisted; no price data found  (period=9mo)
2026-05-07 22:10:49,821 [ERROR] yfinance: 
1 Failed download:
2026-05-07 22:10:49,821 [ERROR] yfinance: ['LUMAXTECH.NS']: possibly delisted; no price data found  (period=9mo)
2026-05-07 22:10:49,822 [INFO] analyzer: No OHLC for LUMAXTECH, skipping
2026-05-07 22:10:49,828 [ERROR] yfinance: Failed to get ticker 'EMCURE.NS' reason: Failed to perform, curl: (6) Could not resolve host: query2.finance.yahoo.com. See https://curl.se/libcurl/c/libcurl-errors.html first for more details.
2026-05-07 22:10:49,833 [ERROR] yfinance: $EMCURE.NS: possibly delisted; no price data found  (period=9mo)
2026-05-07 22:10:49,833 [ERROR] yfinance: 
1 Failed download:
2026-05-07 22:10:49,833 [ERROR] yfinance: ['EMCURE.NS']: possibly delisted; no price data found  (period=9mo)
2026-05-07 22:10:49,835 [INFO] analyzer: No OHLC for EMCURE, skipping
2026-05-07 22:10:49,843 [ERROR] yfinance: Failed to get ticker 'CARERATING.NS' reason: Failed to perform, curl: (6) Could not resolve host: query2.finance.yahoo.com. See https://curl.se/libcurl/c/libcurl-errors.html first for more details.
2026-05-07 22:10:49,847 [ERROR] yfinance: $CARERATING.NS: possibly delisted; no price data found  (period=9mo)
2026-05-07 22:10:49,856 [ERROR] yfinance: 
1 Failed download:
2026-05-07 22:10:49,856 [ERROR] yfinance: ['CARERATING.NS']: possibly delisted; no price data found  (period=9mo)
2026-05-07 22:10:49,858 [INFO] analyzer: No OHLC for CARERATING, skipping
2026-05-07 22:10:49,864 [ERROR] yfinance: Failed to get ticker 'ZENTEC.NS' reason: Failed to perform, curl: (6) Could not resolve host: query2.finance.yahoo.com. See https://curl.se/libcurl/c/libcurl-errors.html first for more details.
2026-05-07 22:10:49,869 [ERROR] yfinance: $ZENTEC.NS: possibly delisted; no price data found  (period=9mo)
2026-05-07 22:10:49,879 [ERROR] yfinance: 
1 Failed download:
2026-05-07 22:10:49,879 [ERROR] yfinance: ['ZENTEC.NS']: possibly delisted; no price data found  (period=9mo)
2026-05-07 22:10:49,881 [INFO] analyzer: No OHLC for ZENTEC, skipping
2026-05-07 22:10:49,887 [ERROR] yfinance: Failed to get ticker 'ATLANTAELE.NS' reason: Failed to perform, curl: (6) Could not resolve host: query2.finance.yahoo.com. See https://curl.se/libcurl/c/libcurl-errors.html first for more details.
2026-05-07 22:10:49,892 [ERROR] yfinance: $ATLANTAELE.NS: possibly delisted; no price data found  (period=9mo)
2026-05-07 22:10:49,901 [ERROR] yfinance: 
1 Failed download:
2026-05-07 22:10:49,902 [ERROR] yfinance: ['ATLANTAELE.NS']: possibly delisted; no price data found  (period=9mo)
2026-05-07 22:10:49,903 [INFO] analyzer: No OHLC for ATLANTAELE, skipping
2026-05-07 22:10:49,910 [ERROR] yfinance: Failed to get ticker 'PGIL.NS' reason: Failed to perform, curl: (6) Could not resolve host: query2.finance.yahoo.com. See https://curl.se/libcurl/c/libcurl-errors.html first for more details.
2026-05-07 22:10:49,914 [ERROR] yfinance: $PGIL.NS: possibly delisted; no price data found  (period=9mo)
2026-05-07 22:10:49,915 [ERROR] yfinance: 
1 Failed download:
2026-05-07 22:10:49,915 [ERROR] yfinance: ['PGIL.NS']: possibly delisted; no price data found  (period=9mo)
2026-05-07 22:10:49,916 [INFO] analyzer: No OHLC for PGIL, skipping
2026-05-07 22:10:49,922 [ERROR] yfinance: Failed to get ticker 'BHARATBOND-APR30.NS' reason: Failed to perform, curl: (6) Could not resolve host: query2.finance.yahoo.com. See https://curl.se/libcurl/c/libcurl-errors.html first for more details.
2026-05-07 22:10:49,927 [ERROR] yfinance: $BHARATBOND-APR30.NS: possibly delisted; no price data found  (period=9mo)
2026-05-07 22:10:49,927 [ERROR] yfinance: 
1 Failed download:
2026-05-07 22:10:49,927 [ERROR] yfinance: ['BHARATBOND-APR30.NS']: possibly delisted; no price data found  (period=9mo)
2026-05-07 22:10:49,929 [INFO] analyzer: No OHLC for BHARATBOND-APR30, skipping
2026-05-07 22:10:49,934 [ERROR] yfinance: $EBBETF0430.NS: possibly delisted; no price data found  (period=9mo)
2026-05-07 22:10:49,940 [ERROR] yfinance: 
1 Failed download:
2026-05-07 22:10:49,940 [ERROR] yfinance: ['EBBETF0430.NS']: possibly delisted; no price data found  (period=9mo)
2026-05-07 22:10:49,942 [INFO] analyzer: No OHLC for EBBETF0430, skipping
2026-05-07 22:10:49,948 [ERROR] yfinance: Failed to get ticker 'SEAMECLTD.NS' reason: Failed to perform, curl: (6) Could not resolve host: query2.finance.yahoo.com. See https://curl.se/libcurl/c/libcurl-errors.html first for more details.
2026-05-07 22:10:49,952 [ERROR] yfinance: $SEAMECLTD.NS: possibly delisted; no price data found  (period=9mo)
2026-05-07 22:10:49,953 [ERROR] yfinance: 
1 Failed download:
2026-05-07 22:10:49,953 [ERROR] yfinance: ['SEAMECLTD.NS']: possibly delisted; no price data found  (period=9mo)
2026-05-07 22:10:49,954 [INFO] analyzer: No OHLC for SEAMECLTD, skipping
2026-05-07 22:10:49,960 [ERROR] yfinance: $PIXTRANS.NS: possibly delisted; no price data found  (period=9mo)
2026-05-07 22:10:49,965 [ERROR] yfinance: 
1 Failed download:
2026-05-07 22:10:49,966 [ERROR] yfinance: ['PIXTRANS.NS']: possibly delisted; no price data found  (period=9mo)
2026-05-07 22:10:49,967 [INFO] analyzer: No OHLC for PIXTRANS, skipping
2026-05-07 22:10:49,974 [ERROR] yfinance: Failed to get ticker 'IMFA.NS' reason: Failed to perform, curl: (6) Could not resolve host: query2.finance.yahoo.com. See https://curl.se/libcurl/c/libcurl-errors.html first for more details.
2026-05-07 22:10:49,979 [ERROR] yfinance: $IMFA.NS: possibly delisted; no price data found  (period=9mo)
2026-05-07 22:10:49,989 [ERROR] yfinance: 
1 Failed download:
2026-05-07 22:10:49,989 [ERROR] yfinance: ['IMFA.NS']: possibly delisted; no price data found  (period=9mo)
2026-05-07 22:10:49,990 [INFO] analyzer: No OHLC for IMFA, skipping
2026-05-07 22:10:49,996 [ERROR] yfinance: Failed to get ticker 'AVANTIFEED.NS' reason: Failed to perform, curl: (6) Could not resolve host: query2.finance.yahoo.com. See https://curl.se/libcurl/c/libcurl-errors.html first for more details.
2026-05-07 22:10:50,000 [ERROR] yfinance: $AVANTIFEED.NS: possibly delisted; no price data found  (period=9mo)
2026-05-07 22:10:50,001 [ERROR] yfinance: 
1 Failed download:
2026-05-07 22:10:50,001 [ERROR] yfinance: ['AVANTIFEED.NS']: possibly delisted; no price data found  (period=9mo)
2026-05-07 22:10:50,003 [INFO] analyzer: No OHLC for AVANTIFEED, skipping
2026-05-07 22:10:50,009 [ERROR] yfinance: $EBBETF0431.NS: possibly delisted; no price data found  (period=9mo)
2026-05-07 22:10:50,014 [ERROR] yfinance: 
1 Failed download:
2026-05-07 22:10:50,014 [ERROR] yfinance: ['EBBETF0431.NS']: possibly delisted; no price data found  (period=9mo)
2026-05-07 22:10:50,016 [INFO] analyzer: No OHLC for EBBETF0431, skipping
2026-05-07 22:10:50,022 [ERROR] yfinance: Failed to get ticker 'RACLGEAR.NS' reason: Failed to perform, curl: (6) Could not resolve host: query2.finance.yahoo.com. See https://curl.se/libcurl/c/libcurl-errors.html first for more details.
2026-05-07 22:10:50,025 [ERROR] yfinance: $RACLGEAR.NS: possibly delisted; no price data found  (period=9mo)
2026-05-07 22:10:50,026 [ERROR] yfinance: 
1 Failed download:
2026-05-07 22:10:50,026 [ERROR] yfinance: ['RACLGEAR.NS']: possibly delisted; no price data found  (period=9mo)
2026-05-07 22:10:50,028 [INFO] analyzer: No OHLC for RACLGEAR, skipping
2026-05-07 22:10:50,033 [ERROR] yfinance: $DRREDDY.NS: possibly delisted; no price data found  (period=9mo)
2026-05-07 22:10:50,039 [ERROR] yfinance: 
1 Failed download:
2026-05-07 22:10:50,039 [ERROR] yfinance: ['DRREDDY.NS']: possibly delisted; no price data found  (period=9mo)
2026-05-07 22:10:50,040 [INFO] analyzer: No OHLC for DRREDDY, skipping
2026-05-07 22:10:50,046 [ERROR] yfinance: $JSWSTEEL.NS: possibly delisted; no price data found  (period=9mo)
2026-05-07 22:10:50,051 [ERROR] yfinance: 
1 Failed download:
2026-05-07 22:10:50,052 [ERROR] yfinance: ['JSWSTEEL.NS']: possibly delisted; no price data found  (period=9mo)
2026-05-07 22:10:50,053 [INFO] analyzer: No OHLC for JSWSTEEL, skipping
2026-05-07 22:10:50,059 [ERROR] yfinance: Failed to get ticker 'QPOWER.NS' reason: Failed to perform, curl: (6) Could not resolve host: query2.finance.yahoo.com. See https://curl.se/libcurl/c/libcurl-errors.html first for more details.
2026-05-07 22:10:50,062 [ERROR] yfinance: $QPOWER.NS: possibly delisted; no price data found  (period=9mo)
2026-05-07 22:10:50,064 [ERROR] yfinance: 
1 Failed download:
2026-05-07 22:10:50,064 [ERROR] yfinance: ['QPOWER.NS']: possibly delisted; no price data found  (period=9mo)
2026-05-07 22:10:50,065 [INFO] analyzer: No OHLC for QPOWER, skipping
2026-05-07 22:10:50,071 [ERROR] yfinance: Failed to get ticker 'EBBETF0433.NS' reason: Failed to perform, curl: (6) Could not resolve host: query2.finance.yahoo.com. See https://curl.se/libcurl/c/libcurl-errors.html first for more details.
2026-05-07 22:10:50,075 [ERROR] yfinance: $EBBETF0433.NS: possibly delisted; no price data found  (period=9mo)
2026-05-07 22:10:50,076 [ERROR] yfinance: 
1 Failed download:
2026-05-07 22:10:50,076 [ERROR] yfinance: ['EBBETF0433.NS']: possibly delisted; no price data found  (period=9mo)
2026-05-07 22:10:50,078 [INFO] analyzer: No OHLC for EBBETF0433, skipping
2026-05-07 22:10:50,085 [ERROR] yfinance: $ENTERO.NS: possibly delisted; no price data found  (period=9mo)
2026-05-07 22:10:50,089 [ERROR] yfinance: 
1 Failed download:
2026-05-07 22:10:50,089 [ERROR] yfinance: ['ENTERO.NS']: possibly delisted; no price data found  (period=9mo)
2026-05-07 22:10:50,090 [INFO] analyzer: No OHLC for ENTERO, skipping
2026-05-07 22:10:50,095 [ERROR] yfinance: $JINDALSTEL.NS: possibly delisted; no price data found  (period=9mo)
2026-05-07 22:10:50,101 [ERROR] yfinance: 
1 Failed download:
2026-05-07 22:10:50,101 [ERROR] yfinance: ['JINDALSTEL.NS']: possibly delisted; no price data found  (period=9mo)
2026-05-07 22:10:50,103 [INFO] analyzer: No OHLC for JINDALSTEL, skipping
2026-05-07 22:10:50,109 [ERROR] yfinance: Failed to get ticker 'TATACONSUM.NS' reason: Failed to perform, curl: (6) Could not resolve host: query2.finance.yahoo.com. See https://curl.se/libcurl/c/libcurl-errors.html first for more details.
2026-05-07 22:10:50,114 [ERROR] yfinance: $TATACONSUM.NS: possibly delisted; no price data found  (period=9mo)
2026-05-07 22:10:50,114 [ERROR] yfinance: 
1 Failed download:
2026-05-07 22:10:50,114 [ERROR] yfinance: ['TATACONSUM.NS']: possibly delisted; no price data found  (period=9mo)
2026-05-07 22:10:50,116 [INFO] analyzer: No OHLC for TATACONSUM, skipping
2026-05-07 22:10:50,121 [ERROR] yfinance: Failed to get ticker 'BUILDPRO.NS' reason: Failed to perform, curl: (6) Could not resolve host: query2.finance.yahoo.com. See https://curl.se/libcurl/c/libcurl-errors.html first for more details.
2026-05-07 22:10:50,124 [ERROR] yfinance: $BUILDPRO.NS: possibly delisted; no price data found  (period=9mo)
2026-05-07 22:10:50,127 [ERROR] yfinance: 
1 Failed download:
2026-05-07 22:10:50,127 [ERROR] yfinance: ['BUILDPRO.NS']: possibly delisted; no price data found  (period=9mo)
2026-05-07 22:10:50,128 [INFO] analyzer: No OHLC for BUILDPRO, skipping
2026-05-07 22:10:50,133 [ERROR] yfinance: Failed to get ticker 'JPOLYINVST.NS' reason: Failed to perform, curl: (6) Could not resolve host: query2.finance.yahoo.com. See https://curl.se/libcurl/c/libcurl-errors.html first for more details.
2026-05-07 22:10:50,137 [ERROR] yfinance: $JPOLYINVST.NS: possibly delisted; no price data found  (period=9mo)
2026-05-07 22:10:50,139 [ERROR] yfinance: 
1 Failed download:
2026-05-07 22:10:50,139 [ERROR] yfinance: ['JPOLYINVST.NS']: possibly delisted; no price data found  (period=9mo)
2026-05-07 22:10:50,141 [INFO] analyzer: No OHLC for JPOLYINVST, skipping
2026-05-07 22:10:50,146 [ERROR] yfinance: Failed to get ticker 'SBIN.NS' reason: Failed to perform, curl: (6) Could not resolve host: query2.finance.yahoo.com. See https://curl.se/libcurl/c/libcurl-errors.html first for more details.
2026-05-07 22:10:50,150 [ERROR] yfinance: $SBIN.NS: possibly delisted; no price data found  (period=9mo)
2026-05-07 22:10:50,151 [ERROR] yfinance: 
1 Failed download:
2026-05-07 22:10:50,152 [ERROR] yfinance: ['SBIN.NS']: possibly delisted; no price data found  (period=9mo)
2026-05-07 22:10:50,153 [INFO] analyzer: No OHLC for SBIN, skipping
2026-05-07 22:10:50,159 [ERROR] yfinance: Failed to get ticker 'CHENNPETRO.NS' reason: Failed to perform, curl: (6) Could not resolve host: query2.finance.yahoo.com. See https://curl.se/libcurl/c/libcurl-errors.html first for more details.
2026-05-07 22:10:50,163 [ERROR] yfinance: $CHENNPETRO.NS: possibly delisted; no price data found  (period=9mo)
2026-05-07 22:10:50,164 [ERROR] yfinance: 
1 Failed download:
2026-05-07 22:10:50,164 [ERROR] yfinance: ['CHENNPETRO.NS']: possibly delisted; no price data found  (period=9mo)
2026-05-07 22:10:50,166 [INFO] analyzer: No OHLC for CHENNPETRO, skipping
2026-05-07 22:10:50,171 [ERROR] yfinance: $HINDALCO.NS: possibly delisted; no price data found  (period=9mo)
2026-05-07 22:10:50,176 [ERROR] yfinance: 
1 Failed download:
2026-05-07 22:10:50,177 [ERROR] yfinance: ['HINDALCO.NS']: possibly delisted; no price data found  (period=9mo)
2026-05-07 22:10:50,178 [INFO] analyzer: No OHLC for HINDALCO, skipping
2026-05-07 22:10:50,184 [ERROR] yfinance: $AUBANK.NS: possibly delisted; no price data found  (period=9mo)
2026-05-07 22:10:50,189 [ERROR] yfinance: 
1 Failed download:
2026-05-07 22:10:50,189 [ERROR] yfinance: ['AUBANK.NS']: possibly delisted; no price data found  (period=9mo)
2026-05-07 22:10:50,192 [INFO] analyzer: No OHLC for AUBANK, skipping
2026-05-07 22:10:50,198 [ERROR] yfinance: Failed to get ticker 'PREMIERENE.NS' reason: Failed to perform, curl: (6) Could not resolve host: query2.finance.yahoo.com. See https://curl.se/libcurl/c/libcurl-errors.html first for more details.
2026-05-07 22:10:50,202 [ERROR] yfinance: $PREMIERENE.NS: possibly delisted; no price data found  (period=9mo)
2026-05-07 22:10:50,203 [ERROR] yfinance: 
1 Failed download:
2026-05-07 22:10:50,203 [ERROR] yfinance: ['PREMIERENE.NS']: possibly delisted; no price data found  (period=9mo)
2026-05-07 22:10:50,204 [INFO] analyzer: No OHLC for PREMIERENE, skipping
2026-05-07 22:10:50,209 [ERROR] yfinance: Failed to get ticker 'SHRIRAMFIN.NS' reason: Failed to perform, curl: (6) Could not resolve host: query2.finance.yahoo.com. See https://curl.se/libcurl/c/libcurl-errors.html first for more details.
2026-05-07 22:10:50,213 [ERROR] yfinance: $SHRIRAMFIN.NS: possibly delisted; no price data found  (period=9mo)
2026-05-07 22:10:50,215 [ERROR] yfinance: 
1 Failed download:
2026-05-07 22:10:50,215 [ERROR] yfinance: ['SHRIRAMFIN.NS']: possibly delisted; no price data found  (period=9mo)
2026-05-07 22:10:50,217 [INFO] analyzer: No OHLC for SHRIRAMFIN, skipping
2026-05-07 22:10:50,222 [ERROR] yfinance: $LIQUIDSBI.NS: possibly delisted; no price data found  (period=9mo)
2026-05-07 22:10:50,228 [ERROR] yfinance: 
1 Failed download:
2026-05-07 22:10:50,228 [ERROR] yfinance: ['LIQUIDSBI.NS']: possibly delisted; no price data found  (period=9mo)
2026-05-07 22:10:50,230 [INFO] analyzer: No OHLC for LIQUIDSBI, skipping
2026-05-07 22:10:50,237 [ERROR] yfinance: $RPSGVENT.NS: possibly delisted; no price data found  (period=9mo)
2026-05-07 22:10:50,240 [ERROR] yfinance: 
1 Failed download:
2026-05-07 22:10:50,240 [ERROR] yfinance: ['RPSGVENT.NS']: possibly delisted; no price data found  (period=9mo)
2026-05-07 22:10:50,242 [INFO] analyzer: No OHLC for RPSGVENT, skipping
2026-05-07 22:10:50,248 [ERROR] yfinance: Failed to get ticker 'INFRABEES.NS' reason: Failed to perform, curl: (6) Could not resolve host: query2.finance.yahoo.com. See https://curl.se/libcurl/c/libcurl-errors.html first for more details.
2026-05-07 22:10:50,252 [ERROR] yfinance: $INFRABEES.NS: possibly delisted; no price data found  (period=9mo)
2026-05-07 22:10:50,253 [ERROR] yfinance: 
1 Failed download:
2026-05-07 22:10:50,253 [ERROR] yfinance: ['INFRABEES.NS']: possibly delisted; no price data found  (period=9mo)
2026-05-07 22:10:50,254 [INFO] analyzer: No OHLC for INFRABEES, skipping
2026-05-07 22:10:50,261 [ERROR] yfinance: $VENUSREM.NS: possibly delisted; no price data found  (period=9mo)
2026-05-07 22:10:50,265 [ERROR] yfinance: 
1 Failed download:
2026-05-07 22:10:50,265 [ERROR] yfinance: ['VENUSREM.NS']: possibly delisted; no price data found  (period=9mo)
2026-05-07 22:10:50,267 [INFO] analyzer: No OHLC for VENUSREM, skipping
2026-05-07 22:10:50,272 [ERROR] yfinance: $DREDGECORP.NS: possibly delisted; no price data found  (period=9mo)
2026-05-07 22:10:50,278 [ERROR] yfinance: 
1 Failed download:
2026-05-07 22:10:50,278 [ERROR] yfinance: ['DREDGECORP.NS']: possibly delisted; no price data found  (period=9mo)
2026-05-07 22:10:50,279 [INFO] analyzer: No OHLC for DREDGECORP, skipping
2026-05-07 22:10:50,285 [ERROR] yfinance: Failed to get ticker 'MANGLMCEM.NS' reason: Failed to perform, curl: (6) Could not resolve host: query2.finance.yahoo.com. See https://curl.se/libcurl/c/libcurl-errors.html first for more details.
2026-05-07 22:10:50,289 [ERROR] yfinance: $MANGLMCEM.NS: possibly delisted; no price data found  (period=9mo)
2026-05-07 22:10:50,290 [ERROR] yfinance: 
1 Failed download:
2026-05-07 22:10:50,291 [ERROR] yfinance: ['MANGLMCEM.NS']: possibly delisted; no price data found  (period=9mo)
2026-05-07 22:10:50,292 [INFO] analyzer: No OHLC for MANGLMCEM, skipping
2026-05-07 22:10:50,299 [ERROR] yfinance: Failed to get ticker 'ATHERENERG.NS' reason: Failed to perform, curl: (6) Could not resolve host: query2.finance.yahoo.com. See https://curl.se/libcurl/c/libcurl-errors.html first for more details.
2026-05-07 22:10:50,303 [ERROR] yfinance: $ATHERENERG.NS: possibly delisted; no price data found  (period=9mo)
2026-05-07 22:10:50,303 [ERROR] yfinance: 
1 Failed download:
2026-05-07 22:10:50,303 [ERROR] yfinance: ['ATHERENERG.NS']: possibly delisted; no price data found  (period=9mo)
2026-05-07 22:10:50,305 [INFO] analyzer: No OHLC for ATHERENERG, skipping
2026-05-07 22:10:50,309 [ERROR] yfinance: $CANFINHOME.NS: possibly delisted; no price data found  (period=9mo)
2026-05-07 22:10:50,316 [ERROR] yfinance: 
1 Failed download:
2026-05-07 22:10:50,316 [ERROR] yfinance: ['CANFINHOME.NS']: possibly delisted; no price data found  (period=9mo)
2026-05-07 22:10:50,317 [INFO] analyzer: No OHLC for CANFINHOME, skipping
2026-05-07 22:10:50,323 [ERROR] yfinance: $MEDPLUS.NS: possibly delisted; no price data found  (period=9mo)
2026-05-07 22:10:50,328 [ERROR] yfinance: 
1 Failed download:
2026-05-07 22:10:50,328 [ERROR] yfinance: ['MEDPLUS.NS']: possibly delisted; no price data found  (period=9mo)
2026-05-07 22:10:50,330 [INFO] analyzer: No OHLC for MEDPLUS, skipping
2026-05-07 22:10:50,335 [ERROR] yfinance: $GANDHITUBE.NS: possibly delisted; no price data found  (period=9mo)
2026-05-07 22:10:50,340 [ERROR] yfinance: 
1 Failed download:
2026-05-07 22:10:50,340 [ERROR] yfinance: ['GANDHITUBE.NS']: possibly delisted; no price data found  (period=9mo)
2026-05-07 22:10:50,342 [INFO] analyzer: No OHLC for GANDHITUBE, skipping
2026-05-07 22:10:50,348 [ERROR] yfinance: $ICEMAKE.NS: possibly delisted; no price data found  (period=9mo)
2026-05-07 22:10:50,353 [ERROR] yfinance: 
1 Failed download:
2026-05-07 22:10:50,353 [ERROR] yfinance: ['ICEMAKE.NS']: possibly delisted; no price data found  (period=9mo)
2026-05-07 22:10:50,355 [INFO] analyzer: No OHLC for ICEMAKE, skipping
2026-05-07 22:10:50,362 [ERROR] yfinance: $GRAPHITE.NS: possibly delisted; no price data found  (period=9mo)
2026-05-07 22:10:50,366 [ERROR] yfinance: 
1 Failed download:
2026-05-07 22:10:50,366 [ERROR] yfinance: ['GRAPHITE.NS']: possibly delisted; no price data found  (period=9mo)
2026-05-07 22:10:50,367 [INFO] analyzer: No OHLC for GRAPHITE, skipping
2026-05-07 22:10:50,374 [ERROR] yfinance: Failed to get ticker 'DIVGIITTS.NS' reason: Failed to perform, curl: (6) Could not resolve host: query2.finance.yahoo.com. See https://curl.se/libcurl/c/libcurl-errors.html first for more details.
2026-05-07 22:10:50,378 [ERROR] yfinance: $DIVGIITTS.NS: possibly delisted; no price data found  (period=9mo)
2026-05-07 22:10:50,378 [ERROR] yfinance: 
1 Failed download:
2026-05-07 22:10:50,379 [ERROR] yfinance: ['DIVGIITTS.NS']: possibly delisted; no price data found  (period=9mo)
2026-05-07 22:10:50,380 [INFO] analyzer: No OHLC for DIVGIITTS, skipping
2026-05-07 22:10:50,386 [ERROR] yfinance: Failed to get ticker 'ANTELOPUS.NS' reason: Failed to perform, curl: (6) Could not resolve host: query2.finance.yahoo.com. See https://curl.se/libcurl/c/libcurl-errors.html first for more details.
2026-05-07 22:10:50,391 [ERROR] yfinance: $ANTELOPUS.NS: possibly delisted; no price data found  (period=9mo)
2026-05-07 22:10:50,391 [ERROR] yfinance: 
1 Failed download:
2026-05-07 22:10:50,391 [ERROR] yfinance: ['ANTELOPUS.NS']: possibly delisted; no price data found  (period=9mo)
2026-05-07 22:10:50,393 [INFO] analyzer: No OHLC for ANTELOPUS, skipping
2026-05-07 22:10:50,398 [ERROR] yfinance: $MAHSEAMLES.NS: possibly delisted; no price data found  (period=9mo)
2026-05-07 22:10:50,404 [ERROR] yfinance: 
1 Failed download:
2026-05-07 22:10:50,404 [ERROR] yfinance: ['MAHSEAMLES.NS']: possibly delisted; no price data found  (period=9mo)
2026-05-07 22:10:50,407 [INFO] analyzer: No OHLC for MAHSEAMLES, skipping
2026-05-07 22:10:50,412 [ERROR] yfinance: Failed to get ticker 'VTL.NS' reason: Failed to perform, curl: (6) Could not resolve host: query2.finance.yahoo.com. See https://curl.se/libcurl/c/libcurl-errors.html first for more details.
2026-05-07 22:10:50,417 [ERROR] yfinance: $VTL.NS: possibly delisted; no price data found  (period=9mo)
2026-05-07 22:10:50,417 [ERROR] yfinance: 
1 Failed download:
2026-05-07 22:10:50,418 [ERROR] yfinance: ['VTL.NS']: possibly delisted; no price data found  (period=9mo)
2026-05-07 22:10:50,419 [INFO] analyzer: No OHLC for VTL, skipping
2026-05-07 22:10:50,425 [ERROR] yfinance: $SARDAEN.NS: possibly delisted; no price data found  (period=9mo)
2026-05-07 22:10:50,430 [ERROR] yfinance: 
1 Failed download:
2026-05-07 22:10:50,430 [ERROR] yfinance: ['SARDAEN.NS']: possibly delisted; no price data found  (period=9mo)
2026-05-07 22:10:50,432 [INFO] analyzer: No OHLC for SARDAEN, skipping
2026-05-07 22:10:50,438 [ERROR] yfinance: Failed to get ticker 'ARSSBL.NS' reason: Failed to perform, curl: (6) Could not resolve host: query2.finance.yahoo.com. See https://curl.se/libcurl/c/libcurl-errors.html first for more details.
2026-05-07 22:10:50,441 [ERROR] yfinance: $ARSSBL.NS: possibly delisted; no price data found  (period=9mo)
2026-05-07 22:10:50,443 [ERROR] yfinance: 
1 Failed download:
2026-05-07 22:10:50,443 [ERROR] yfinance: ['ARSSBL.NS']: possibly delisted; no price data found  (period=9mo)
2026-05-07 22:10:50,445 [INFO] analyzer: No OHLC for ARSSBL, skipping
2026-05-07 22:10:50,451 [ERROR] yfinance: $SONACOMS.NS: possibly delisted; no price data found  (period=9mo)
2026-05-07 22:10:50,455 [ERROR] yfinance: 
1 Failed download:
2026-05-07 22:10:50,456 [ERROR] yfinance: ['SONACOMS.NS']: possibly delisted; no price data found  (period=9mo)
2026-05-07 22:10:50,457 [INFO] analyzer: No OHLC for SONACOMS, skipping
2026-05-07 22:10:50,463 [ERROR] yfinance: $ELGIEQUIP.NS: possibly delisted; no price data found  (period=9mo)
2026-05-07 22:10:50,468 [ERROR] yfinance: 
1 Failed download:
2026-05-07 22:10:50,468 [ERROR] yfinance: ['ELGIEQUIP.NS']: possibly delisted; no price data found  (period=9mo)
2026-05-07 22:10:50,470 [INFO] analyzer: No OHLC for ELGIEQUIP, skipping
2026-05-07 22:10:50,477 [ERROR] yfinance: $SGMART.NS: possibly delisted; no price data found  (period=9mo)
2026-05-07 22:10:50,480 [ERROR] yfinance: 
1 Failed download:
2026-05-07 22:10:50,480 [ERROR] yfinance: ['SGMART.NS']: possibly delisted; no price data found  (period=9mo)
2026-05-07 22:10:50,482 [INFO] analyzer: No OHLC for SGMART, skipping
2026-05-07 22:10:50,488 [ERROR] yfinance: $UNITEDTEA.NS: possibly delisted; no price data found  (period=9mo)
2026-05-07 22:10:50,493 [ERROR] yfinance: 
1 Failed download:
2026-05-07 22:10:50,493 [ERROR] yfinance: ['UNITEDTEA.NS']: possibly delisted; no price data found  (period=9mo)
2026-05-07 22:10:50,495 [INFO] analyzer: No OHLC for UNITEDTEA, skipping
2026-05-07 22:10:50,501 [ERROR] yfinance: $NEPHROPLUS.NS: possibly delisted; no price data found  (period=9mo)
2026-05-07 22:10:50,506 [ERROR] yfinance: 
1 Failed download:
2026-05-07 22:10:50,506 [ERROR] yfinance: ['NEPHROPLUS.NS']: possibly delisted; no price data found  (period=9mo)
2026-05-07 22:10:50,507 [INFO] analyzer: No OHLC for NEPHROPLUS, skipping
2026-05-07 22:10:50,513 [ERROR] yfinance: $HNGSNGBEES.NS: possibly delisted; no price data found  (period=9mo)
2026-05-07 22:10:50,518 [ERROR] yfinance: 
1 Failed download:
2026-05-07 22:10:50,519 [ERROR] yfinance: ['HNGSNGBEES.NS']: possibly delisted; no price data found  (period=9mo)
2026-05-07 22:10:50,522 [INFO] analyzer: No OHLC for HNGSNGBEES, skipping
2026-05-07 22:10:50,527 [ERROR] yfinance: Failed to get ticker 'BALRAMCHIN.NS' reason: Failed to perform, curl: (6) Could not resolve host: query2.finance.yahoo.com. See https://curl.se/libcurl/c/libcurl-errors.html first for more details.
2026-05-07 22:10:50,531 [ERROR] yfinance: $BALRAMCHIN.NS: possibly delisted; no price data found  (period=9mo)
2026-05-07 22:10:50,532 [ERROR] yfinance: 
1 Failed download:
2026-05-07 22:10:50,533 [ERROR] yfinance: ['BALRAMCHIN.NS']: possibly delisted; no price data found  (period=9mo)
2026-05-07 22:10:50,534 [INFO] analyzer: No OHLC for BALRAMCHIN, skipping
2026-05-07 22:10:50,540 [ERROR] yfinance: Failed to get ticker 'STARHEALTH.NS' reason: Failed to perform, curl: (6) Could not resolve host: query2.finance.yahoo.com. See https://curl.se/libcurl/c/libcurl-errors.html first for more details.
2026-05-07 22:10:50,543 [ERROR] yfinance: $STARHEALTH.NS: possibly delisted; no price data found  (period=9mo)
2026-05-07 22:10:50,545 [ERROR] yfinance: 
1 Failed download:
2026-05-07 22:10:50,545 [ERROR] yfinance: ['STARHEALTH.NS']: possibly delisted; no price data found  (period=9mo)
2026-05-07 22:10:50,547 [INFO] analyzer: No OHLC for STARHEALTH, skipping
2026-05-07 22:10:50,552 [ERROR] yfinance: Failed to get ticker 'ZYDUSWELL.NS' reason: Failed to perform, curl: (6) Could not resolve host: query2.finance.yahoo.com. See https://curl.se/libcurl/c/libcurl-errors.html first for more details.
2026-05-07 22:10:50,556 [ERROR] yfinance: $ZYDUSWELL.NS: possibly delisted; no price data found  (period=9mo)
2026-05-07 22:10:50,558 [ERROR] yfinance: 
1 Failed download:
2026-05-07 22:10:50,558 [ERROR] yfinance: ['ZYDUSWELL.NS']: possibly delisted; no price data found  (period=9mo)
2026-05-07 22:10:50,559 [INFO] analyzer: No OHLC for ZYDUSWELL, skipping
2026-05-07 22:10:50,565 [ERROR] yfinance: $AADHARHFC.NS: possibly delisted; no price data found  (period=9mo)
2026-05-07 22:10:50,570 [ERROR] yfinance: 
1 Failed download:
2026-05-07 22:10:50,570 [ERROR] yfinance: ['AADHARHFC.NS']: possibly delisted; no price data found  (period=9mo)
2026-05-07 22:10:50,572 [INFO] analyzer: No OHLC for AADHARHFC, skipping
2026-05-07 22:10:50,578 [ERROR] yfinance: $CIEINDIA.NS: possibly delisted; no price data found  (period=9mo)
2026-05-07 22:10:50,582 [ERROR] yfinance: 
1 Failed download:
2026-05-07 22:10:50,582 [ERROR] yfinance: ['CIEINDIA.NS']: possibly delisted; no price data found  (period=9mo)
2026-05-07 22:10:50,584 [INFO] analyzer: No OHLC for CIEINDIA, skipping
2026-05-07 22:10:50,590 [ERROR] yfinance: Failed to get ticker 'TI.NS' reason: Failed to perform, curl: (6) Could not resolve host: query2.finance.yahoo.com. See https://curl.se/libcurl/c/libcurl-errors.html first for more details.
2026-05-07 22:10:50,594 [ERROR] yfinance: $TI.NS: possibly delisted; no price data found  (period=9mo)
2026-05-07 22:10:50,595 [ERROR] yfinance: 
1 Failed download:
2026-05-07 22:10:50,595 [ERROR] yfinance: ['TI.NS']: possibly delisted; no price data found  (period=9mo)
2026-05-07 22:10:50,596 [INFO] analyzer: No OHLC for TI, skipping
2026-05-07 22:10:50,601 [ERROR] yfinance: $COALINDIA.NS: possibly delisted; no price data found  (period=9mo)
2026-05-07 22:10:50,607 [ERROR] yfinance: 
1 Failed download:
2026-05-07 22:10:50,607 [ERROR] yfinance: ['COALINDIA.NS']: possibly delisted; no price data found  (period=9mo)
2026-05-07 22:10:50,609 [INFO] analyzer: No OHLC for COALINDIA, skipping
2026-05-07 22:10:50,615 [ERROR] yfinance: $RMC.NS: possibly delisted; no price data found  (period=9mo)
2026-05-07 22:10:50,619 [ERROR] yfinance: 
1 Failed download:
2026-05-07 22:10:50,619 [ERROR] yfinance: ['RMC.NS']: possibly delisted; no price data found  (period=9mo)
2026-05-07 22:10:50,621 [INFO] analyzer: No OHLC for RMC, skipping
2026-05-07 22:10:50,628 [ERROR] yfinance: Failed to get ticker 'PFC.NS' reason: Failed to perform, curl: (6) Could not resolve host: query2.finance.yahoo.com. See https://curl.se/libcurl/c/libcurl-errors.html first for more details.
2026-05-07 22:10:50,633 [ERROR] yfinance: $PFC.NS: possibly delisted; no price data found  (period=9mo)
2026-05-07 22:10:50,642 [ERROR] yfinance: 
1 Failed download:
2026-05-07 22:10:50,642 [ERROR] yfinance: ['PFC.NS']: possibly delisted; no price data found  (period=9mo)
2026-05-07 22:10:50,644 [INFO] analyzer: No OHLC for PFC, skipping
2026-05-07 22:10:50,649 [ERROR] yfinance: $EBGNG.NS: possibly delisted; no price data found  (period=9mo)
2026-05-07 22:10:50,655 [ERROR] yfinance: 
1 Failed download:
2026-05-07 22:10:50,655 [ERROR] yfinance: ['EBGNG.NS']: possibly delisted; no price data found  (period=9mo)
2026-05-07 22:10:50,657 [INFO] analyzer: No OHLC for EBGNG, skipping
2026-05-07 22:10:50,663 [ERROR] yfinance: Failed to get ticker 'BEL.NS' reason: Failed to perform, curl: (6) Could not resolve host: query2.finance.yahoo.com. See https://curl.se/libcurl/c/libcurl-errors.html first for more details.
2026-05-07 22:10:50,668 [ERROR] yfinance: $BEL.NS: possibly delisted; no price data found  (period=9mo)
2026-05-07 22:10:50,668 [ERROR] yfinance: 
1 Failed download:
2026-05-07 22:10:50,669 [ERROR] yfinance: ['BEL.NS']: possibly delisted; no price data found  (period=9mo)
2026-05-07 22:10:50,670 [INFO] analyzer: No OHLC for BEL, skipping
2026-05-07 22:10:50,676 [ERROR] yfinance: Failed to get ticker 'TATAPOWER.NS' reason: Failed to perform, curl: (6) Could not resolve host: query2.finance.yahoo.com. See https://curl.se/libcurl/c/libcurl-errors.html first for more details.
2026-05-07 22:10:50,681 [ERROR] yfinance: $TATAPOWER.NS: possibly delisted; no price data found  (period=9mo)
2026-05-07 22:10:50,691 [ERROR] yfinance: 
1 Failed download:
2026-05-07 22:10:50,691 [ERROR] yfinance: ['TATAPOWER.NS']: possibly delisted; no price data found  (period=9mo)
2026-05-07 22:10:50,693 [INFO] analyzer: No OHLC for TATAPOWER, skipping
2026-05-07 22:10:50,699 [ERROR] yfinance: $GUJAPOLLO.NS: possibly delisted; no price data found  (period=9mo)
2026-05-07 22:10:50,704 [ERROR] yfinance: 
1 Failed download:
2026-05-07 22:10:50,704 [ERROR] yfinance: ['GUJAPOLLO.NS']: possibly delisted; no price data found  (period=9mo)
2026-05-07 22:10:50,705 [INFO] analyzer: No OHLC for GUJAPOLLO, skipping
2026-05-07 22:10:50,711 [ERROR] yfinance: Failed to get ticker 'TMCV.NS' reason: Failed to perform, curl: (6) Could not resolve host: query2.finance.yahoo.com. See https://curl.se/libcurl/c/libcurl-errors.html first for more details.
2026-05-07 22:10:50,716 [ERROR] yfinance: $TMCV.NS: possibly delisted; no price data found  (period=9mo)
2026-05-07 22:10:50,716 [ERROR] yfinance: 
1 Failed download:
2026-05-07 22:10:50,716 [ERROR] yfinance: ['TMCV.NS']: possibly delisted; no price data found  (period=9mo)
2026-05-07 22:10:50,718 [INFO] analyzer: No OHLC for TMCV, skipping
2026-05-07 22:10:50,723 [ERROR] yfinance: Failed to get ticker 'LTFOODS.NS' reason: Failed to perform, curl: (6) Could not resolve host: query2.finance.yahoo.com. See https://curl.se/libcurl/c/libcurl-errors.html first for more details.
2026-05-07 22:10:50,727 [ERROR] yfinance: $LTFOODS.NS: possibly delisted; no price data found  (period=9mo)
2026-05-07 22:10:50,729 [ERROR] yfinance: 
1 Failed download:
2026-05-07 22:10:50,729 [ERROR] yfinance: ['LTFOODS.NS']: possibly delisted; no price data found  (period=9mo)
2026-05-07 22:10:50,731 [INFO] analyzer: No OHLC for LTFOODS, skipping
2026-05-07 22:10:50,736 [ERROR] yfinance: $SMSPHARMA.NS: possibly delisted; no price data found  (period=9mo)
2026-05-07 22:10:50,742 [ERROR] yfinance: 
1 Failed download:
2026-05-07 22:10:50,742 [ERROR] yfinance: ['SMSPHARMA.NS']: possibly delisted; no price data found  (period=9mo)
2026-05-07 22:10:50,743 [INFO] analyzer: No OHLC for SMSPHARMA, skipping
2026-05-07 22:10:50,751 [ERROR] yfinance: Failed to get ticker 'INDIACEM.NS' reason: Failed to perform, curl: (6) Could not resolve host: query2.finance.yahoo.com. See https://curl.se/libcurl/c/libcurl-errors.html first for more details.
2026-05-07 22:10:50,755 [ERROR] yfinance: $INDIACEM.NS: possibly delisted; no price data found  (period=9mo)
2026-05-07 22:10:50,764 [ERROR] yfinance: 
1 Failed download:
2026-05-07 22:10:50,764 [ERROR] yfinance: ['INDIACEM.NS']: possibly delisted; no price data found  (period=9mo)
2026-05-07 22:10:50,766 [INFO] analyzer: No OHLC for INDIACEM, skipping
2026-05-07 22:10:50,772 [ERROR] yfinance: Failed to get ticker 'TRIVENI.NS' reason: Failed to perform, curl: (6) Could not resolve host: query2.finance.yahoo.com. See https://curl.se/libcurl/c/libcurl-errors.html first for more details.
2026-05-07 22:10:50,778 [ERROR] yfinance: $TRIVENI.NS: possibly delisted; no price data found  (period=9mo)
2026-05-07 22:10:50,787 [ERROR] yfinance: 
1 Failed download:
2026-05-07 22:10:50,787 [ERROR] yfinance: ['TRIVENI.NS']: possibly delisted; no price data found  (period=9mo)
2026-05-07 22:10:50,789 [INFO] analyzer: No OHLC for TRIVENI, skipping
2026-05-07 22:10:50,795 [ERROR] yfinance: $NTPC.NS: possibly delisted; no price data found  (period=9mo)
2026-05-07 22:10:50,800 [ERROR] yfinance: 
1 Failed download:
2026-05-07 22:10:50,800 [ERROR] yfinance: ['NTPC.NS']: possibly delisted; no price data found  (period=9mo)
2026-05-07 22:10:50,801 [INFO] analyzer: No OHLC for NTPC, skipping
2026-05-07 22:10:50,808 [ERROR] yfinance: Failed to get ticker 'GICRE.NS' reason: Failed to perform, curl: (6) Could not resolve host: query2.finance.yahoo.com. See https://curl.se/libcurl/c/libcurl-errors.html first for more details.
2026-05-07 22:10:50,813 [ERROR] yfinance: $GICRE.NS: possibly delisted; no price data found  (period=9mo)
2026-05-07 22:10:50,823 [ERROR] yfinance: 
1 Failed download:
2026-05-07 22:10:50,823 [ERROR] yfinance: ['GICRE.NS']: possibly delisted; no price data found  (period=9mo)
2026-05-07 22:10:50,824 [INFO] analyzer: No OHLC for GICRE, skipping
2026-05-07 22:10:50,831 [ERROR] yfinance: Failed to get ticker 'DALMIASUG.NS' reason: Failed to perform, curl: (6) Could not resolve host: query2.finance.yahoo.com. See https://curl.se/libcurl/c/libcurl-errors.html first for more details.
2026-05-07 22:10:50,836 [ERROR] yfinance: $DALMIASUG.NS: possibly delisted; no price data found  (period=9mo)
2026-05-07 22:10:50,846 [ERROR] yfinance: 
1 Failed download:
2026-05-07 22:10:50,846 [ERROR] yfinance: ['DALMIASUG.NS']: possibly delisted; no price data found  (period=9mo)
2026-05-07 22:10:50,848 [INFO] analyzer: No OHLC for DALMIASUG, skipping
2026-05-07 22:10:50,854 [ERROR] yfinance: Failed to get ticker 'ARIES.NS' reason: Failed to perform, curl: (6) Could not resolve host: query2.finance.yahoo.com. See https://curl.se/libcurl/c/libcurl-errors.html first for more details.
2026-05-07 22:10:50,858 [ERROR] yfinance: $ARIES.NS: possibly delisted; no price data found  (period=9mo)
2026-05-07 22:10:50,858 [ERROR] yfinance: 
1 Failed download:
2026-05-07 22:10:50,859 [ERROR] yfinance: ['ARIES.NS']: possibly delisted; no price data found  (period=9mo)
2026-05-07 22:10:50,860 [INFO] analyzer: No OHLC for ARIES, skipping
2026-05-07 22:10:50,866 [ERROR] yfinance: $AGIIL.NS: possibly delisted; no price data found  (period=9mo)
2026-05-07 22:10:50,871 [ERROR] yfinance: 
1 Failed download:
2026-05-07 22:10:50,872 [ERROR] yfinance: ['AGIIL.NS']: possibly delisted; no price data found  (period=9mo)
2026-05-07 22:10:50,873 [INFO] analyzer: No OHLC for AGIIL, skipping
2026-05-07 22:10:50,879 [ERROR] yfinance: Failed to get ticker 'SHIVAUM.NS' reason: Failed to perform, curl: (6) Could not resolve host: query2.finance.yahoo.com. See https://curl.se/libcurl/c/libcurl-errors.html first for more details.
2026-05-07 22:10:50,883 [ERROR] yfinance: $SHIVAUM.NS: possibly delisted; no price data found  (period=9mo)
2026-05-07 22:10:50,884 [ERROR] yfinance: 
1 Failed download:
2026-05-07 22:10:50,884 [ERROR] yfinance: ['SHIVAUM.NS']: possibly delisted; no price data found  (period=9mo)
2026-05-07 22:10:50,885 [INFO] analyzer: No OHLC for SHIVAUM, skipping
2026-05-07 22:10:50,892 [ERROR] yfinance: $EQUAL50ADD.NS: possibly delisted; no price data found  (period=9mo)
2026-05-07 22:10:50,896 [ERROR] yfinance: 
1 Failed download:
2026-05-07 22:10:50,896 [ERROR] yfinance: ['EQUAL50ADD.NS']: possibly delisted; no price data found  (period=9mo)
2026-05-07 22:10:50,898 [INFO] analyzer: No OHLC for EQUAL50ADD, skipping
2026-05-07 22:10:50,904 [ERROR] yfinance: $POWERGRID.NS: possibly delisted; no price data found  (period=9mo)
2026-05-07 22:10:50,909 [ERROR] yfinance: 
1 Failed download:
2026-05-07 22:10:50,909 [ERROR] yfinance: ['POWERGRID.NS']: possibly delisted; no price data found  (period=9mo)
2026-05-07 22:10:50,910 [INFO] analyzer: No OHLC for POWERGRID, skipping
2026-05-07 22:10:50,916 [ERROR] yfinance: Failed to get ticker 'INDOTHAI.NS' reason: Failed to perform, curl: (6) Could not resolve host: query2.finance.yahoo.com. See https://curl.se/libcurl/c/libcurl-errors.html first for more details.
2026-05-07 22:10:50,921 [ERROR] yfinance: $INDOTHAI.NS: possibly delisted; no price data found  (period=9mo)
2026-05-07 22:10:50,921 [ERROR] yfinance: 
1 Failed download:
2026-05-07 22:10:50,921 [ERROR] yfinance: ['INDOTHAI.NS']: possibly delisted; no price data found  (period=9mo)
2026-05-07 22:10:50,923 [INFO] analyzer: No OHLC for INDOTHAI, skipping
2026-05-07 22:10:50,929 [ERROR] yfinance: $GPIL.NS: possibly delisted; no price data found  (period=9mo)
2026-05-07 22:10:50,934 [ERROR] yfinance: 
1 Failed download:
2026-05-07 22:10:50,934 [ERROR] yfinance: ['GPIL.NS']: possibly delisted; no price data found  (period=9mo)
2026-05-07 22:10:50,935 [INFO] analyzer: No OHLC for GPIL, skipping
2026-05-07 22:10:50,941 [ERROR] yfinance: $ACMESOLAR.NS: possibly delisted; no price data found  (period=9mo)
2026-05-07 22:10:50,946 [ERROR] yfinance: 
1 Failed download:
2026-05-07 22:10:50,946 [ERROR] yfinance: ['ACMESOLAR.NS']: possibly delisted; no price data found  (period=9mo)
2026-05-07 22:10:50,948 [INFO] analyzer: No OHLC for ACMESOLAR, skipping
2026-05-07 22:10:50,954 [ERROR] yfinance: $FEDERALBNK.NS: possibly delisted; no price data found  (period=9mo)
2026-05-07 22:10:50,958 [ERROR] yfinance: 
1 Failed download:
2026-05-07 22:10:50,959 [ERROR] yfinance: ['FEDERALBNK.NS']: possibly delisted; no price data found  (period=9mo)
2026-05-07 22:10:50,960 [INFO] analyzer: No OHLC for FEDERALBNK, skipping
2026-05-07 22:10:50,967 [ERROR] yfinance: Failed to get ticker 'PRIMESECU.NS' reason: Failed to perform, curl: (6) Could not resolve host: query2.finance.yahoo.com. See https://curl.se/libcurl/c/libcurl-errors.html first for more details.
2026-05-07 22:10:50,972 [ERROR] yfinance: $PRIMESECU.NS: possibly delisted; no price data found  (period=9mo)
2026-05-07 22:10:50,982 [ERROR] yfinance: 
1 Failed download:
2026-05-07 22:10:50,982 [ERROR] yfinance: ['PRIMESECU.NS']: possibly delisted; no price data found  (period=9mo)
2026-05-07 22:10:50,984 [INFO] analyzer: No OHLC for PRIMESECU, skipping
2026-05-07 22:10:50,990 [ERROR] yfinance: $SESHAPAPER.NS: possibly delisted; no price data found  (period=9mo)
2026-05-07 22:10:50,994 [ERROR] yfinance: 
1 Failed download:
2026-05-07 22:10:50,994 [ERROR] yfinance: ['SESHAPAPER.NS']: possibly delisted; no price data found  (period=9mo)
2026-05-07 22:10:50,996 [INFO] analyzer: No OHLC for SESHAPAPER, skipping
2026-05-07 22:10:51,001 [ERROR] yfinance: Failed to get ticker 'CUB.NS' reason: Failed to perform, curl: (6) Could not resolve host: query2.finance.yahoo.com. See https://curl.se/libcurl/c/libcurl-errors.html first for more details.
2026-05-07 22:10:51,005 [ERROR] yfinance: $CUB.NS: possibly delisted; no price data found  (period=9mo)
2026-05-07 22:10:51,007 [ERROR] yfinance: 
1 Failed download:
2026-05-07 22:10:51,007 [ERROR] yfinance: ['CUB.NS']: possibly delisted; no price data found  (period=9mo)
2026-05-07 22:10:51,008 [INFO] analyzer: No OHLC for CUB, skipping
2026-05-07 22:10:51,015 [ERROR] yfinance: $NYKAA.NS: possibly delisted; no price data found  (period=9mo)
2026-05-07 22:10:51,020 [ERROR] yfinance: 
1 Failed download:
2026-05-07 22:10:51,020 [ERROR] yfinance: ['NYKAA.NS']: possibly delisted; no price data found  (period=9mo)
2026-05-07 22:10:51,022 [INFO] analyzer: No OHLC for NYKAA, skipping
2026-05-07 22:10:51,028 [ERROR] yfinance: Failed to get ticker 'INDOBORAX.NS' reason: Failed to perform, curl: (6) Could not resolve host: query2.finance.yahoo.com. See https://curl.se/libcurl/c/libcurl-errors.html first for more details.
2026-05-07 22:10:51,033 [ERROR] yfinance: $INDOBORAX.NS: possibly delisted; no price data found  (period=9mo)
2026-05-07 22:10:51,043 [ERROR] yfinance: 
1 Failed download:
2026-05-07 22:10:51,043 [ERROR] yfinance: ['INDOBORAX.NS']: possibly delisted; no price data found  (period=9mo)
2026-05-07 22:10:51,045 [INFO] analyzer: No OHLC for INDOBORAX, skipping
2026-05-07 22:10:51,051 [ERROR] yfinance: Failed to get ticker 'LOKESHMACH.NS' reason: Failed to perform, curl: (6) Could not resolve host: query2.finance.yahoo.com. See https://curl.se/libcurl/c/libcurl-errors.html first for more details.
2026-05-07 22:10:51,055 [ERROR] yfinance: $LOKESHMACH.NS: possibly delisted; no price data found  (period=9mo)
2026-05-07 22:10:51,056 [ERROR] yfinance: 
1 Failed download:
2026-05-07 22:10:51,056 [ERROR] yfinance: ['LOKESHMACH.NS']: possibly delisted; no price data found  (period=9mo)
2026-05-07 22:10:51,057 [INFO] analyzer: No OHLC for LOKESHMACH, skipping
2026-05-07 22:10:51,063 [ERROR] yfinance: $EMMVEE.NS: possibly delisted; no price data found  (period=9mo)
2026-05-07 22:10:51,068 [ERROR] yfinance: 
1 Failed download:
2026-05-07 22:10:51,068 [ERROR] yfinance: ['EMMVEE.NS']: possibly delisted; no price data found  (period=9mo)
2026-05-07 22:10:51,070 [INFO] analyzer: No OHLC for EMMVEE, skipping
2026-05-07 22:10:51,075 [ERROR] yfinance: Failed to get ticker 'SETF10GILT.NS' reason: Failed to perform, curl: (6) Could not resolve host: query2.finance.yahoo.com. See https://curl.se/libcurl/c/libcurl-errors.html first for more details.
2026-05-07 22:10:51,081 [ERROR] yfinance: $SETF10GILT.NS: possibly delisted; no price data found  (period=9mo)
2026-05-07 22:10:51,081 [ERROR] yfinance: 
1 Failed download:
2026-05-07 22:10:51,081 [ERROR] yfinance: ['SETF10GILT.NS']: possibly delisted; no price data found  (period=9mo)
2026-05-07 22:10:51,083 [INFO] analyzer: No OHLC for SETF10GILT, skipping
2026-05-07 22:10:51,088 [ERROR] yfinance: Failed to get ticker 'WANBURY.NS' reason: Failed to perform, curl: (6) Could not resolve host: query2.finance.yahoo.com. See https://curl.se/libcurl/c/libcurl-errors.html first for more details.
2026-05-07 22:10:51,092 [ERROR] yfinance: $WANBURY.NS: possibly delisted; no price data found  (period=9mo)
2026-05-07 22:10:51,093 [ERROR] yfinance: 
1 Failed download:
2026-05-07 22:10:51,093 [ERROR] yfinance: ['WANBURY.NS']: possibly delisted; no price data found  (period=9mo)
2026-05-07 22:10:51,095 [INFO] analyzer: No OHLC for WANBURY, skipping
2026-05-07 22:10:51,101 [ERROR] yfinance: Failed to get ticker 'SILVERBND.NS' reason: Failed to perform, curl: (6) Could not resolve host: query2.finance.yahoo.com. See https://curl.se/libcurl/c/libcurl-errors.html first for more details.
2026-05-07 22:10:51,105 [ERROR] yfinance: $SILVERBND.NS: possibly delisted; no price data found  (period=9mo)
2026-05-07 22:10:51,106 [ERROR] yfinance: 
1 Failed download:
2026-05-07 22:10:51,106 [ERROR] yfinance: ['SILVERBND.NS']: possibly delisted; no price data found  (period=9mo)
2026-05-07 22:10:51,107 [INFO] analyzer: No OHLC for SILVERBND, skipping
2026-05-07 22:10:51,113 [ERROR] yfinance: Failed to get ticker 'SILVER.NS' reason: Failed to perform, curl: (6) Could not resolve host: query2.finance.yahoo.com. See https://curl.se/libcurl/c/libcurl-errors.html first for more details.
2026-05-07 22:10:51,116 [ERROR] yfinance: $SILVER.NS: possibly delisted; no price data found  (period=9mo)
2026-05-07 22:10:51,118 [ERROR] yfinance: 
1 Failed download:
2026-05-07 22:10:51,118 [ERROR] yfinance: ['SILVER.NS']: possibly delisted; no price data found  (period=9mo)
2026-05-07 22:10:51,120 [INFO] analyzer: No OHLC for SILVER, skipping
2026-05-07 22:10:51,127 [ERROR] yfinance: Failed to get ticker 'AXISILVER.NS' reason: Failed to perform, curl: (6) Could not resolve host: query2.finance.yahoo.com. See https://curl.se/libcurl/c/libcurl-errors.html first for more details.
2026-05-07 22:10:51,131 [ERROR] yfinance: $AXISILVER.NS: possibly delisted; no price data found  (period=9mo)
2026-05-07 22:10:51,131 [ERROR] yfinance: 
1 Failed download:
2026-05-07 22:10:51,131 [ERROR] yfinance: ['AXISILVER.NS']: possibly delisted; no price data found  (period=9mo)
2026-05-07 22:10:51,133 [INFO] analyzer: No OHLC for AXISILVER, skipping
2026-05-07 22:10:51,139 [ERROR] yfinance: $EIFFL.NS: possibly delisted; no price data found  (period=9mo)
2026-05-07 22:10:51,144 [ERROR] yfinance: 
1 Failed download:
2026-05-07 22:10:51,144 [ERROR] yfinance: ['EIFFL.NS']: possibly delisted; no price data found  (period=9mo)
2026-05-07 22:10:51,146 [INFO] analyzer: No OHLC for EIFFL, skipping
2026-05-07 22:10:51,151 [ERROR] yfinance: $EPL.NS: possibly delisted; no price data found  (period=9mo)
2026-05-07 22:10:51,156 [ERROR] yfinance: 
1 Failed download:
2026-05-07 22:10:51,157 [ERROR] yfinance: ['EPL.NS']: possibly delisted; no price data found  (period=9mo)
2026-05-07 22:10:51,158 [INFO] analyzer: No OHLC for EPL, skipping
2026-05-07 22:10:51,164 [ERROR] yfinance: $CONSOFINVT.NS: possibly delisted; no price data found  (period=9mo)
2026-05-07 22:10:51,169 [ERROR] yfinance: 
1 Failed download:
2026-05-07 22:10:51,169 [ERROR] yfinance: ['CONSOFINVT.NS']: possibly delisted; no price data found  (period=9mo)
2026-05-07 22:10:51,170 [INFO] analyzer: No OHLC for CONSOFINVT, skipping
2026-05-07 22:10:51,176 [ERROR] yfinance: Failed to get ticker 'GROWW.NS' reason: Failed to perform, curl: (6) Could not resolve host: query2.finance.yahoo.com. See https://curl.se/libcurl/c/libcurl-errors.html first for more details.
2026-05-07 22:10:51,180 [ERROR] yfinance: $GROWW.NS: possibly delisted; no price data found  (period=9mo)
2026-05-07 22:10:51,181 [ERROR] yfinance: 
1 Failed download:
2026-05-07 22:10:51,181 [ERROR] yfinance: ['GROWW.NS']: possibly delisted; no price data found  (period=9mo)
2026-05-07 22:10:51,183 [INFO] analyzer: No OHLC for GROWW, skipping
2026-05-07 22:10:51,188 [ERROR] yfinance: $INFOBEAN.NS: possibly delisted; no price data found  (period=9mo)
2026-05-07 22:10:51,194 [ERROR] yfinance: 
1 Failed download:
2026-05-07 22:10:51,194 [ERROR] yfinance: ['INFOBEAN.NS']: possibly delisted; no price data found  (period=9mo)
2026-05-07 22:10:51,197 [INFO] analyzer: No OHLC for INFOBEAN, skipping
2026-05-07 22:10:51,203 [ERROR] yfinance: $AHLEAST.NS: possibly delisted; no price data found  (period=9mo)
2026-05-07 22:10:51,208 [ERROR] yfinance: 
1 Failed download:
2026-05-07 22:10:51,208 [ERROR] yfinance: ['AHLEAST.NS']: possibly delisted; no price data found  (period=9mo)
2026-05-07 22:10:51,210 [INFO] analyzer: No OHLC for AHLEAST, skipping
2026-05-07 22:10:51,218 [ERROR] yfinance: $GRMOVER.NS: possibly delisted; no price data found  (period=9mo)
2026-05-07 22:10:51,222 [ERROR] yfinance: 
1 Failed download:
2026-05-07 22:10:51,222 [ERROR] yfinance: ['GRMOVER.NS']: possibly delisted; no price data found  (period=9mo)
2026-05-07 22:10:51,224 [INFO] analyzer: No OHLC for GRMOVER, skipping
2026-05-07 22:10:51,231 [ERROR] yfinance: Failed to get ticker 'UEL.NS' reason: Failed to perform, curl: (6) Could not resolve host: query2.finance.yahoo.com. See https://curl.se/libcurl/c/libcurl-errors.html first for more details.
2026-05-07 22:10:51,236 [ERROR] yfinance: $UEL.NS: possibly delisted; no price data found  (period=9mo)
2026-05-07 22:10:51,245 [ERROR] yfinance: 
1 Failed download:
2026-05-07 22:10:51,246 [ERROR] yfinance: ['UEL.NS']: possibly delisted; no price data found  (period=9mo)
2026-05-07 22:10:51,247 [INFO] analyzer: No OHLC for UEL, skipping
2026-05-07 22:10:51,256 [ERROR] yfinance: $SAMMAANCAP.NS: possibly delisted; no price data found  (period=9mo)
2026-05-07 22:10:51,258 [ERROR] yfinance: 
1 Failed download:
2026-05-07 22:10:51,258 [ERROR] yfinance: ['SAMMAANCAP.NS']: possibly delisted; no price data found  (period=9mo)
2026-05-07 22:10:51,260 [INFO] analyzer: No OHLC for SAMMAANCAP, skipping
2026-05-07 22:10:51,266 [ERROR] yfinance: Failed to get ticker 'EGOLD.NS' reason: Failed to perform, curl: (6) Could not resolve host: query2.finance.yahoo.com. See https://curl.se/libcurl/c/libcurl-errors.html first for more details.
2026-05-07 22:10:51,271 [ERROR] yfinance: $EGOLD.NS: possibly delisted; no price data found  (period=9mo)
2026-05-07 22:10:51,271 [ERROR] yfinance: 
1 Failed download:
2026-05-07 22:10:51,271 [ERROR] yfinance: ['EGOLD.NS']: possibly delisted; no price data found  (period=9mo)
2026-05-07 22:10:51,273 [INFO] analyzer: No OHLC for EGOLD, skipping
2026-05-07 22:10:51,279 [ERROR] yfinance: Failed to get ticker 'GOLDBND.NS' reason: Failed to perform, curl: (6) Could not resolve host: query2.finance.yahoo.com. See https://curl.se/libcurl/c/libcurl-errors.html first for more details.
2026-05-07 22:10:51,284 [ERROR] yfinance: $GOLDBND.NS: possibly delisted; no price data found  (period=9mo)
2026-05-07 22:10:51,284 [ERROR] yfinance: 
1 Failed download:
2026-05-07 22:10:51,284 [ERROR] yfinance: ['GOLDBND.NS']: possibly delisted; no price data found  (period=9mo)
2026-05-07 22:10:51,286 [INFO] analyzer: No OHLC for GOLDBND, skipping
2026-05-07 22:10:51,291 [ERROR] yfinance: Failed to get ticker 'TWCGOLDETF.NS' reason: Failed to perform, curl: (6) Could not resolve host: query2.finance.yahoo.com. See https://curl.se/libcurl/c/libcurl-errors.html first for more details.
2026-05-07 22:10:51,295 [ERROR] yfinance: $TWCGOLDETF.NS: possibly delisted; no price data found  (period=9mo)
2026-05-07 22:10:51,296 [ERROR] yfinance: 
1 Failed download:
2026-05-07 22:10:51,297 [ERROR] yfinance: ['TWCGOLDETF.NS']: possibly delisted; no price data found  (period=9mo)
2026-05-07 22:10:51,298 [INFO] analyzer: No OHLC for TWCGOLDETF, skipping
2026-05-07 22:10:51,303 [ERROR] yfinance: Failed to get ticker 'MAANALU.NS' reason: Failed to perform, curl: (6) Could not resolve host: query2.finance.yahoo.com. See https://curl.se/libcurl/c/libcurl-errors.html first for more details.
2026-05-07 22:10:51,308 [ERROR] yfinance: $MAANALU.NS: possibly delisted; no price data found  (period=9mo)
2026-05-07 22:10:51,309 [ERROR] yfinance: 
1 Failed download:
2026-05-07 22:10:51,309 [ERROR] yfinance: ['MAANALU.NS']: possibly delisted; no price data found  (period=9mo)
2026-05-07 22:10:51,311 [INFO] analyzer: No OHLC for MAANALU, skipping
2026-05-07 22:10:51,316 [ERROR] yfinance: Failed to get ticker 'CHOICEGOLD.NS' reason: Failed to perform, curl: (6) Could not resolve host: query2.finance.yahoo.com. See https://curl.se/libcurl/c/libcurl-errors.html first for more details.
2026-05-07 22:10:51,319 [ERROR] yfinance: $CHOICEGOLD.NS: possibly delisted; no price data found  (period=9mo)
2026-05-07 22:10:51,321 [ERROR] yfinance: 
1 Failed download:
2026-05-07 22:10:51,322 [ERROR] yfinance: ['CHOICEGOLD.NS']: possibly delisted; no price data found  (period=9mo)
2026-05-07 22:10:51,323 [INFO] analyzer: No OHLC for CHOICEGOLD, skipping
2026-05-07 22:10:51,328 [ERROR] yfinance: Failed to get ticker 'MOGOLD.NS' reason: Failed to perform, curl: (6) Could not resolve host: query2.finance.yahoo.com. See https://curl.se/libcurl/c/libcurl-errors.html first for more details.
2026-05-07 22:10:51,333 [ERROR] yfinance: $MOGOLD.NS: possibly delisted; no price data found  (period=9mo)
2026-05-07 22:10:51,334 [ERROR] yfinance: 
1 Failed download:
2026-05-07 22:10:51,334 [ERROR] yfinance: ['MOGOLD.NS']: possibly delisted; no price data found  (period=9mo)
2026-05-07 22:10:51,335 [INFO] analyzer: No OHLC for MOGOLD, skipping
2026-05-07 22:10:51,342 [ERROR] yfinance: Failed to get ticker 'UNIONGOLD.NS' reason: Failed to perform, curl: (6) Could not resolve host: query2.finance.yahoo.com. See https://curl.se/libcurl/c/libcurl-errors.html first for more details.
2026-05-07 22:10:51,346 [ERROR] yfinance: $UNIONGOLD.NS: possibly delisted; no price data found  (period=9mo)
2026-05-07 22:10:51,346 [ERROR] yfinance: 
1 Failed download:
2026-05-07 22:10:51,346 [ERROR] yfinance: ['UNIONGOLD.NS']: possibly delisted; no price data found  (period=9mo)
2026-05-07 22:10:51,349 [INFO] analyzer: No OHLC for UNIONGOLD, skipping
2026-05-07 22:10:51,355 [ERROR] yfinance: Failed to get ticker 'GOLD360.NS' reason: Failed to perform, curl: (6) Could not resolve host: query2.finance.yahoo.com. See https://curl.se/libcurl/c/libcurl-errors.html first for more details.
2026-05-07 22:10:51,359 [ERROR] yfinance: $GOLD360.NS: possibly delisted; no price data found  (period=9mo)
2026-05-07 22:10:51,359 [ERROR] yfinance: 
1 Failed download:
2026-05-07 22:10:51,360 [ERROR] yfinance: ['GOLD360.NS']: possibly delisted; no price data found  (period=9mo)
2026-05-07 22:10:51,362 [INFO] analyzer: No OHLC for GOLD360, skipping
2026-05-07 22:10:51,367 [ERROR] yfinance: Failed to get ticker 'GOLDETF.NS' reason: Failed to perform, curl: (6) Could not resolve host: query2.finance.yahoo.com. See https://curl.se/libcurl/c/libcurl-errors.html first for more details.
2026-05-07 22:10:51,372 [ERROR] yfinance: $GOLDETF.NS: possibly delisted; no price data found  (period=9mo)
2026-05-07 22:10:51,372 [ERROR] yfinance: 
1 Failed download:
2026-05-07 22:10:51,372 [ERROR] yfinance: ['GOLDETF.NS']: possibly delisted; no price data found  (period=9mo)
2026-05-07 22:10:51,374 [INFO] analyzer: No OHLC for GOLDETF, skipping
2026-05-07 22:10:51,380 [ERROR] yfinance: Failed to get ticker 'BBNPPGOLD.NS' reason: Failed to perform, curl: (6) Could not resolve host: query2.finance.yahoo.com. See https://curl.se/libcurl/c/libcurl-errors.html first for more details.
2026-05-07 22:10:51,383 [ERROR] yfinance: $BBNPPGOLD.NS: possibly delisted; no price data found  (period=9mo)
2026-05-07 22:10:51,385 [ERROR] yfinance: 
1 Failed download:
2026-05-07 22:10:51,385 [ERROR] yfinance: ['BBNPPGOLD.NS']: possibly delisted; no price data found  (period=9mo)
2026-05-07 22:10:51,386 [INFO] analyzer: No OHLC for BBNPPGOLD, skipping
2026-05-07 22:10:51,392 [ERROR] yfinance: Failed to get ticker 'GOLDADD.NS' reason: Failed to perform, curl: (6) Could not resolve host: query2.finance.yahoo.com. See https://curl.se/libcurl/c/libcurl-errors.html first for more details.
2026-05-07 22:10:51,396 [ERROR] yfinance: $GOLDADD.NS: possibly delisted; no price data found  (period=9mo)
2026-05-07 22:10:51,397 [ERROR] yfinance: 
1 Failed download:
2026-05-07 22:10:51,397 [ERROR] yfinance: ['GOLDADD.NS']: possibly delisted; no price data found  (period=9mo)
2026-05-07 22:10:51,399 [INFO] analyzer: No OHLC for GOLDADD, skipping
2026-05-07 22:10:51,404 [ERROR] yfinance: Failed to get ticker 'INDSWFTLAB.NS' reason: Failed to perform, curl: (6) Could not resolve host: query2.finance.yahoo.com. See https://curl.se/libcurl/c/libcurl-errors.html first for more details.
2026-05-07 22:10:51,409 [ERROR] yfinance: $INDSWFTLAB.NS: possibly delisted; no price data found  (period=9mo)
2026-05-07 22:10:51,409 [ERROR] yfinance: 
1 Failed download:
2026-05-07 22:10:51,410 [ERROR] yfinance: ['INDSWFTLAB.NS']: possibly delisted; no price data found  (period=9mo)
2026-05-07 22:10:51,411 [INFO] analyzer: No OHLC for INDSWFTLAB, skipping
2026-05-07 22:10:51,417 [ERROR] yfinance: $MUKANDLTD.NS: possibly delisted; no price data found  (period=9mo)
2026-05-07 22:10:51,422 [ERROR] yfinance: 
1 Failed download:
2026-05-07 22:10:51,422 [ERROR] yfinance: ['MUKANDLTD.NS']: possibly delisted; no price data found  (period=9mo)
2026-05-07 22:10:51,424 [INFO] analyzer: No OHLC for MUKANDLTD, skipping
2026-05-07 22:10:51,431 [ERROR] yfinance: $INA.NS: possibly delisted; no price data found  (period=9mo)
2026-05-07 22:10:51,434 [ERROR] yfinance: 
1 Failed download:
2026-05-07 22:10:51,435 [ERROR] yfinance: ['INA.NS']: possibly delisted; no price data found  (period=9mo)
2026-05-07 22:10:51,436 [INFO] analyzer: No OHLC for INA, skipping
2026-05-07 22:10:51,443 [ERROR] yfinance: Failed to get ticker 'RELIABLE.NS' reason: Failed to perform, curl: (6) Could not resolve host: query2.finance.yahoo.com. See https://curl.se/libcurl/c/libcurl-errors.html first for more details.
2026-05-07 22:10:51,447 [ERROR] yfinance: $RELIABLE.NS: possibly delisted; no price data found  (period=9mo)
2026-05-07 22:10:51,449 [ERROR] yfinance: 
1 Failed download:
2026-05-07 22:10:51,449 [ERROR] yfinance: ['RELIABLE.NS']: possibly delisted; no price data found  (period=9mo)
2026-05-07 22:10:51,451 [INFO] analyzer: No OHLC for RELIABLE, skipping
2026-05-07 22:10:51,456 [ERROR] yfinance: Failed to get ticker 'BSLGOLDETF.NS' reason: Failed to perform, curl: (6) Could not resolve host: query2.finance.yahoo.com. See https://curl.se/libcurl/c/libcurl-errors.html first for more details.
2026-05-07 22:10:51,460 [ERROR] yfinance: $BSLGOLDETF.NS: possibly delisted; no price data found  (period=9mo)
2026-05-07 22:10:51,461 [ERROR] yfinance: 
1 Failed download:
2026-05-07 22:10:51,462 [ERROR] yfinance: ['BSLGOLDETF.NS']: possibly delisted; no price data found  (period=9mo)
2026-05-07 22:10:51,463 [INFO] analyzer: No OHLC for BSLGOLDETF, skipping
2026-05-07 22:10:51,468 [ERROR] yfinance: $BAFNAPH.NS: possibly delisted; no price data found  (period=9mo)
2026-05-07 22:10:51,474 [ERROR] yfinance: 
1 Failed download:
2026-05-07 22:10:51,474 [ERROR] yfinance: ['BAFNAPH.NS']: possibly delisted; no price data found  (period=9mo)
2026-05-07 22:10:51,476 [INFO] analyzer: No OHLC for BAFNAPH, skipping
2026-05-07 22:10:51,482 [ERROR] yfinance: $JAMNAAUTO.NS: possibly delisted; no price data found  (period=9mo)
2026-05-07 22:10:51,487 [ERROR] yfinance: 
1 Failed download:
2026-05-07 22:10:51,487 [ERROR] yfinance: ['JAMNAAUTO.NS']: possibly delisted; no price data found  (period=9mo)
2026-05-07 22:10:51,488 [INFO] analyzer: No OHLC for JAMNAAUTO, skipping
2026-05-07 22:10:51,494 [ERROR] yfinance: Failed to get ticker 'HSBCGOLD.NS' reason: Failed to perform, curl: (6) Could not resolve host: query2.finance.yahoo.com. See https://curl.se/libcurl/c/libcurl-errors.html first for more details.
2026-05-07 22:10:51,500 [ERROR] yfinance: $HSBCGOLD.NS: possibly delisted; no price data found  (period=9mo)
2026-05-07 22:10:51,509 [ERROR] yfinance: 
1 Failed download:
2026-05-07 22:10:51,509 [ERROR] yfinance: ['HSBCGOLD.NS']: possibly delisted; no price data found  (period=9mo)
2026-05-07 22:10:51,511 [INFO] analyzer: No OHLC for HSBCGOLD, skipping
2026-05-07 22:10:51,516 [ERROR] yfinance: Failed to get ticker 'GOLDIETF.NS' reason: Failed to perform, curl: (6) Could not resolve host: query2.finance.yahoo.com. See https://curl.se/libcurl/c/libcurl-errors.html first for more details.
2026-05-07 22:10:51,520 [ERROR] yfinance: $GOLDIETF.NS: possibly delisted; no price data found  (period=9mo)
2026-05-07 22:10:51,522 [ERROR] yfinance: 
1 Failed download:
2026-05-07 22:10:51,522 [ERROR] yfinance: ['GOLDIETF.NS']: possibly delisted; no price data found  (period=9mo)
2026-05-07 22:10:51,524 [INFO] analyzer: No OHLC for GOLDIETF, skipping
2026-05-07 22:10:51,529 [ERROR] yfinance: Failed to get ticker 'HDFCGOLD.NS' reason: Failed to perform, curl: (6) Could not resolve host: query2.finance.yahoo.com. See https://curl.se/libcurl/c/libcurl-errors.html first for more details.
2026-05-07 22:10:51,533 [ERROR] yfinance: $HDFCGOLD.NS: possibly delisted; no price data found  (period=9mo)
2026-05-07 22:10:51,535 [ERROR] yfinance: 
1 Failed download:
2026-05-07 22:10:51,535 [ERROR] yfinance: ['HDFCGOLD.NS']: possibly delisted; no price data found  (period=9mo)
2026-05-07 22:10:51,536 [INFO] analyzer: No OHLC for HDFCGOLD, skipping
2026-05-07 22:10:51,542 [ERROR] yfinance: Failed to get ticker 'AARVI.NS' reason: Failed to perform, curl: (6) Could not resolve host: query2.finance.yahoo.com. See https://curl.se/libcurl/c/libcurl-errors.html first for more details.
2026-05-07 22:10:51,547 [ERROR] yfinance: $AARVI.NS: possibly delisted; no price data found  (period=9mo)
2026-05-07 22:10:51,547 [ERROR] yfinance: 
1 Failed download:
2026-05-07 22:10:51,548 [ERROR] yfinance: ['AARVI.NS']: possibly delisted; no price data found  (period=9mo)
2026-05-07 22:10:51,549 [INFO] analyzer: No OHLC for AARVI, skipping
2026-05-07 22:10:51,554 [ERROR] yfinance: Failed to get ticker 'SETFGOLD.NS' reason: Failed to perform, curl: (6) Could not resolve host: query2.finance.yahoo.com. See https://curl.se/libcurl/c/libcurl-errors.html first for more details.
2026-05-07 22:10:51,559 [ERROR] yfinance: $SETFGOLD.NS: possibly delisted; no price data found  (period=9mo)
2026-05-07 22:10:51,560 [ERROR] yfinance: 
1 Failed download:
2026-05-07 22:10:51,560 [ERROR] yfinance: ['SETFGOLD.NS']: possibly delisted; no price data found  (period=9mo)
2026-05-07 22:10:51,562 [INFO] analyzer: No OHLC for SETFGOLD, skipping
2026-05-07 22:10:51,567 [ERROR] yfinance: Failed to get ticker 'GOLDBETA.NS' reason: Failed to perform, curl: (6) Could not resolve host: query2.finance.yahoo.com. See https://curl.se/libcurl/c/libcurl-errors.html first for more details.
2026-05-07 22:10:51,572 [ERROR] yfinance: $GOLDBETA.NS: possibly delisted; no price data found  (period=9mo)
2026-05-07 22:10:51,573 [ERROR] yfinance: 
1 Failed download:
2026-05-07 22:10:51,573 [ERROR] yfinance: ['GOLDBETA.NS']: possibly delisted; no price data found  (period=9mo)
2026-05-07 22:10:51,575 [INFO] analyzer: No OHLC for GOLDBETA, skipping
2026-05-07 22:10:51,579 [ERROR] yfinance: Failed to get ticker 'GOLD1.NS' reason: Failed to perform, curl: (6) Could not resolve host: query2.finance.yahoo.com. See https://curl.se/libcurl/c/libcurl-errors.html first for more details.
2026-05-07 22:10:51,583 [ERROR] yfinance: $GOLD1.NS: possibly delisted; no price data found  (period=9mo)
2026-05-07 22:10:51,585 [ERROR] yfinance: 
1 Failed download:
2026-05-07 22:10:51,585 [ERROR] yfinance: ['GOLD1.NS']: possibly delisted; no price data found  (period=9mo)
2026-05-07 22:10:51,587 [INFO] analyzer: No OHLC for GOLD1, skipping
2026-05-07 22:10:51,592 [ERROR] yfinance: Failed to get ticker 'AXISGOLD.NS' reason: Failed to perform, curl: (6) Could not resolve host: query2.finance.yahoo.com. See https://curl.se/libcurl/c/libcurl-errors.html first for more details.
2026-05-07 22:10:51,596 [ERROR] yfinance: $AXISGOLD.NS: possibly delisted; no price data found  (period=9mo)
2026-05-07 22:10:51,598 [ERROR] yfinance: 
1 Failed download:
2026-05-07 22:10:51,598 [ERROR] yfinance: ['AXISGOLD.NS']: possibly delisted; no price data found  (period=9mo)
2026-05-07 22:10:51,600 [INFO] analyzer: No OHLC for AXISGOLD, skipping
2026-05-07 22:10:51,605 [ERROR] yfinance: Failed to get ticker 'QGOLDHALF.NS' reason: Failed to perform, curl: (6) Could not resolve host: query2.finance.yahoo.com. See https://curl.se/libcurl/c/libcurl-errors.html first for more details.
2026-05-07 22:10:51,610 [ERROR] yfinance: $QGOLDHALF.NS: possibly delisted; no price data found  (period=9mo)
2026-05-07 22:10:51,611 [ERROR] yfinance: 
1 Failed download:
2026-05-07 22:10:51,611 [ERROR] yfinance: ['QGOLDHALF.NS']: possibly delisted; no price data found  (period=9mo)
2026-05-07 22:10:51,612 [INFO] analyzer: No OHLC for QGOLDHALF, skipping
2026-05-07 22:10:51,618 [ERROR] yfinance: Failed to get ticker 'GOLDBEES.NS' reason: Failed to perform, curl: (6) Could not resolve host: query2.finance.yahoo.com. See https://curl.se/libcurl/c/libcurl-errors.html first for more details.
2026-05-07 22:10:51,621 [ERROR] yfinance: $GOLDBEES.NS: possibly delisted; no price data found  (period=9mo)
2026-05-07 22:10:51,623 [ERROR] yfinance: 
1 Failed download:
2026-05-07 22:10:51,624 [ERROR] yfinance: ['GOLDBEES.NS']: possibly delisted; no price data found  (period=9mo)
2026-05-07 22:10:51,625 [INFO] analyzer: No OHLC for GOLDBEES, skipping
2026-05-07 22:10:51,631 [ERROR] yfinance: $ICICIB22.NS: possibly delisted; no price data found  (period=9mo)
2026-05-07 22:10:51,636 [ERROR] yfinance: 
1 Failed download:
2026-05-07 22:10:51,636 [ERROR] yfinance: ['ICICIB22.NS']: possibly delisted; no price data found  (period=9mo)
2026-05-07 22:10:51,638 [INFO] analyzer: No OHLC for ICICIB22, skipping
2026-05-07 22:10:51,644 [ERROR] yfinance: Failed to get ticker 'NDLVENTURE.NS' reason: Failed to perform, curl: (6) Could not resolve host: query2.finance.yahoo.com. See https://curl.se/libcurl/c/libcurl-errors.html first for more details.
2026-05-07 22:10:51,648 [ERROR] yfinance: $NDLVENTURE.NS: possibly delisted; no price data found  (period=9mo)
2026-05-07 22:10:51,648 [ERROR] yfinance: 
1 Failed download:
2026-05-07 22:10:51,649 [ERROR] yfinance: ['NDLVENTURE.NS']: possibly delisted; no price data found  (period=9mo)
2026-05-07 22:10:51,650 [INFO] analyzer: No OHLC for NDLVENTURE, skipping
2026-05-07 22:10:51,656 [ERROR] yfinance: Failed to get ticker 'DBOL.NS' reason: Failed to perform, curl: (6) Could not resolve host: query2.finance.yahoo.com. See https://curl.se/libcurl/c/libcurl-errors.html first for more details.
2026-05-07 22:10:51,661 [ERROR] yfinance: $DBOL.NS: possibly delisted; no price data found  (period=9mo)
2026-05-07 22:10:51,661 [ERROR] yfinance: 
1 Failed download:
2026-05-07 22:10:51,662 [ERROR] yfinance: ['DBOL.NS']: possibly delisted; no price data found  (period=9mo)
2026-05-07 22:10:51,663 [INFO] analyzer: No OHLC for DBOL, skipping
2026-05-07 22:10:51,669 [ERROR] yfinance: Failed to get ticker 'EDELWEISS.NS' reason: Failed to perform, curl: (6) Could not resolve host: query2.finance.yahoo.com. See https://curl.se/libcurl/c/libcurl-errors.html first for more details.
2026-05-07 22:10:51,673 [ERROR] yfinance: $EDELWEISS.NS: possibly delisted; no price data found  (period=9mo)
2026-05-07 22:10:51,674 [ERROR] yfinance: 
1 Failed download:
2026-05-07 22:10:51,674 [ERROR] yfinance: ['EDELWEISS.NS']: possibly delisted; no price data found  (period=9mo)
2026-05-07 22:10:51,676 [INFO] analyzer: No OHLC for EDELWEISS, skipping
2026-05-07 22:10:51,682 [ERROR] yfinance: $MOVALUE.NS: possibly delisted; no price data found  (period=9mo)
2026-05-07 22:10:51,687 [ERROR] yfinance: 
1 Failed download:
2026-05-07 22:10:51,687 [ERROR] yfinance: ['MOVALUE.NS']: possibly delisted; no price data found  (period=9mo)
2026-05-07 22:10:51,688 [INFO] analyzer: No OHLC for MOVALUE, skipping
2026-05-07 22:10:51,695 [ERROR] yfinance: $LOTUSEYE.NS: possibly delisted; no price data found  (period=9mo)
2026-05-07 22:10:51,699 [ERROR] yfinance: 
1 Failed download:
2026-05-07 22:10:51,699 [ERROR] yfinance: ['LOTUSEYE.NS']: possibly delisted; no price data found  (period=9mo)
2026-05-07 22:10:51,701 [INFO] analyzer: No OHLC for LOTUSEYE, skipping
2026-05-07 22:10:51,707 [ERROR] yfinance: Failed to get ticker 'ABGSEC.NS' reason: Failed to perform, curl: (6) Could not resolve host: query2.finance.yahoo.com. See https://curl.se/libcurl/c/libcurl-errors.html first for more details.
2026-05-07 22:10:51,712 [ERROR] yfinance: $ABGSEC.NS: possibly delisted; no price data found  (period=9mo)
2026-05-07 22:10:51,722 [ERROR] yfinance: 
1 Failed download:
2026-05-07 22:10:51,722 [ERROR] yfinance: ['ABGSEC.NS']: possibly delisted; no price data found  (period=9mo)
2026-05-07 22:10:51,724 [INFO] analyzer: No OHLC for ABGSEC, skipping
2026-05-07 22:10:51,729 [ERROR] yfinance: Failed to get ticker 'GSEC10ABSL.NS' reason: Failed to perform, curl: (6) Could not resolve host: query2.finance.yahoo.com. See https://curl.se/libcurl/c/libcurl-errors.html first for more details.
2026-05-07 22:10:51,734 [ERROR] yfinance: $GSEC10ABSL.NS: possibly delisted; no price data found  (period=9mo)
2026-05-07 22:10:51,735 [ERROR] yfinance: 
1 Failed download:
2026-05-07 22:10:51,735 [ERROR] yfinance: ['GSEC10ABSL.NS']: possibly delisted; no price data found  (period=9mo)
2026-05-07 22:10:51,737 [INFO] analyzer: No OHLC for GSEC10ABSL, skipping
2026-05-07 22:10:51,742 [ERROR] yfinance: $NTPCGREEN.NS: possibly delisted; no price data found  (period=9mo)
2026-05-07 22:10:51,748 [ERROR] yfinance: 
1 Failed download:
2026-05-07 22:10:51,748 [ERROR] yfinance: ['NTPCGREEN.NS']: possibly delisted; no price data found  (period=9mo)
2026-05-07 22:10:51,750 [INFO] analyzer: No OHLC for NTPCGREEN, skipping
2026-05-07 22:10:51,756 [ERROR] yfinance: Failed to get ticker 'CPSEETF.NS' reason: Failed to perform, curl: (6) Could not resolve host: query2.finance.yahoo.com. See https://curl.se/libcurl/c/libcurl-errors.html first for more details.
2026-05-07 22:10:51,760 [ERROR] yfinance: $CPSEETF.NS: possibly delisted; no price data found  (period=9mo)
2026-05-07 22:10:51,760 [ERROR] yfinance: 
1 Failed download:
2026-05-07 22:10:51,761 [ERROR] yfinance: ['CPSEETF.NS']: possibly delisted; no price data found  (period=9mo)
2026-05-07 22:10:51,762 [INFO] analyzer: No OHLC for CPSEETF, skipping
2026-05-07 22:10:51,769 [ERROR] yfinance: $AAATECH.NS: possibly delisted; no price data found  (period=9mo)
2026-05-07 22:10:51,773 [ERROR] yfinance: 
1 Failed download:
2026-05-07 22:10:51,773 [ERROR] yfinance: ['AAATECH.NS']: possibly delisted; no price data found  (period=9mo)
2026-05-07 22:10:51,775 [INFO] analyzer: No OHLC for AAATECH, skipping
2026-05-07 22:10:51,782 [ERROR] yfinance: Failed to get ticker 'INFRAIETF.NS' reason: Failed to perform, curl: (6) Could not resolve host: query2.finance.yahoo.com. See https://curl.se/libcurl/c/libcurl-errors.html first for more details.
2026-05-07 22:10:51,790 [ERROR] yfinance: $INFRAIETF.NS: possibly delisted; no price data found  (period=9mo)
2026-05-07 22:10:51,796 [ERROR] yfinance: 
1 Failed download:
2026-05-07 22:10:51,796 [ERROR] yfinance: ['INFRAIETF.NS']: possibly delisted; no price data found  (period=9mo)
2026-05-07 22:10:51,798 [INFO] analyzer: No OHLC for INFRAIETF, skipping
2026-05-07 22:10:51,804 [ERROR] yfinance: Failed to get ticker 'ARFIN.NS' reason: Failed to perform, curl: (6) Could not resolve host: query2.finance.yahoo.com. See https://curl.se/libcurl/c/libcurl-errors.html first for more details.
2026-05-07 22:10:51,808 [ERROR] yfinance: $ARFIN.NS: possibly delisted; no price data found  (period=9mo)
2026-05-07 22:10:51,809 [ERROR] yfinance: 
1 Failed download:
2026-05-07 22:10:51,809 [ERROR] yfinance: ['ARFIN.NS']: possibly delisted; no price data found  (period=9mo)
2026-05-07 22:10:51,811 [INFO] analyzer: No OHLC for ARFIN, skipping
2026-05-07 22:10:51,816 [ERROR] yfinance: $NMDC.NS: possibly delisted; no price data found  (period=9mo)
2026-05-07 22:10:51,822 [ERROR] yfinance: 
1 Failed download:
2026-05-07 22:10:51,822 [ERROR] yfinance: ['NMDC.NS']: possibly delisted; no price data found  (period=9mo)
2026-05-07 22:10:51,823 [INFO] analyzer: No OHLC for NMDC, skipping
2026-05-07 22:10:51,829 [ERROR] yfinance: Failed to get ticker 'UMIYA-MRO.NS' reason: Failed to perform, curl: (6) Could not resolve host: query2.finance.yahoo.com. See https://curl.se/libcurl/c/libcurl-errors.html first for more details.
2026-05-07 22:10:51,834 [ERROR] yfinance: $UMIYA-MRO.NS: possibly delisted; no price data found  (period=9mo)
2026-05-07 22:10:51,834 [ERROR] yfinance: 
1 Failed download:
2026-05-07 22:10:51,835 [ERROR] yfinance: ['UMIYA-MRO.NS']: possibly delisted; no price data found  (period=9mo)
2026-05-07 22:10:51,836 [INFO] analyzer: No OHLC for UMIYA-MRO, skipping
2026-05-07 22:10:51,842 [ERROR] yfinance: Failed to get ticker 'GROWWPSUBK.NS' reason: Failed to perform, curl: (6) Could not resolve host: query2.finance.yahoo.com. See https://curl.se/libcurl/c/libcurl-errors.html first for more details.
2026-05-07 22:10:51,847 [ERROR] yfinance: $GROWWPSUBK.NS: possibly delisted; no price data found  (period=9mo)
2026-05-07 22:10:51,847 [ERROR] yfinance: 
1 Failed download:
2026-05-07 22:10:51,848 [ERROR] yfinance: ['GROWWPSUBK.NS']: possibly delisted; no price data found  (period=9mo)
2026-05-07 22:10:51,849 [INFO] analyzer: No OHLC for GROWWPSUBK, skipping
2026-05-07 22:10:51,857 [ERROR] yfinance: $SILGO.NS: possibly delisted; no price data found  (period=9mo)
2026-05-07 22:10:51,860 [ERROR] yfinance: 
1 Failed download:
2026-05-07 22:10:51,860 [ERROR] yfinance: ['SILGO.NS']: possibly delisted; no price data found  (period=9mo)
2026-05-07 22:10:51,862 [INFO] analyzer: No OHLC for SILGO, skipping
2026-05-07 22:10:51,868 [ERROR] yfinance: $SINGERIND.NS: possibly delisted; no price data found  (period=9mo)
2026-05-07 22:10:51,873 [ERROR] yfinance: 
1 Failed download:
2026-05-07 22:10:51,873 [ERROR] yfinance: ['SINGERIND.NS']: possibly delisted; no price data found  (period=9mo)
2026-05-07 22:10:51,875 [INFO] analyzer: No OHLC for SINGERIND, skipping
2026-05-07 22:10:51,880 [ERROR] yfinance: $SHAHALLOYS.NS: possibly delisted; no price data found  (period=9mo)
2026-05-07 22:10:51,886 [ERROR] yfinance: 
1 Failed download:
2026-05-07 22:10:51,886 [ERROR] yfinance: ['SHAHALLOYS.NS']: possibly delisted; no price data found  (period=9mo)
2026-05-07 22:10:51,887 [INFO] analyzer: No OHLC for SHAHALLOYS, skipping
2026-05-07 22:10:51,893 [ERROR] yfinance: $GILT5YBEES.NS: possibly delisted; no price data found  (period=9mo)
2026-05-07 22:10:51,898 [ERROR] yfinance: 
1 Failed download:
2026-05-07 22:10:51,898 [ERROR] yfinance: ['GILT5YBEES.NS']: possibly delisted; no price data found  (period=9mo)
2026-05-07 22:10:51,900 [INFO] analyzer: No OHLC for GILT5YBEES, skipping
2026-05-07 22:10:51,905 [ERROR] yfinance: Failed to get ticker 'MOGSEC.NS' reason: Failed to perform, curl: (6) Could not resolve host: query2.finance.yahoo.com. See https://curl.se/libcurl/c/libcurl-errors.html first for more details.
2026-05-07 22:10:51,909 [ERROR] yfinance: $MOGSEC.NS: possibly delisted; no price data found  (period=9mo)
2026-05-07 22:10:51,911 [ERROR] yfinance: 
1 Failed download:
2026-05-07 22:10:51,911 [ERROR] yfinance: ['MOGSEC.NS']: possibly delisted; no price data found  (period=9mo)
2026-05-07 22:10:51,912 [INFO] analyzer: No OHLC for MOGSEC, skipping
2026-05-07 22:10:51,918 [ERROR] yfinance: $HMT.NS: possibly delisted; no price data found  (period=9mo)
2026-05-07 22:10:51,924 [ERROR] yfinance: 
1 Failed download:
2026-05-07 22:10:51,924 [ERROR] yfinance: ['HMT.NS']: possibly delisted; no price data found  (period=9mo)
2026-05-07 22:10:51,925 [INFO] analyzer: No OHLC for HMT, skipping
2026-05-07 22:10:51,931 [ERROR] yfinance: Failed to get ticker 'WEWIN.NS' reason: Failed to perform, curl: (6) Could not resolve host: query2.finance.yahoo.com. See https://curl.se/libcurl/c/libcurl-errors.html first for more details.
2026-05-07 22:10:51,937 [ERROR] yfinance: $WEWIN.NS: possibly delisted; no price data found  (period=9mo)
2026-05-07 22:10:51,937 [ERROR] yfinance: 
1 Failed download:
2026-05-07 22:10:51,937 [ERROR] yfinance: ['WEWIN.NS']: possibly delisted; no price data found  (period=9mo)
2026-05-07 22:10:51,939 [INFO] analyzer: No OHLC for WEWIN, skipping
2026-05-07 22:10:51,944 [ERROR] yfinance: $ISHANCH.NS: possibly delisted; no price data found  (period=9mo)
2026-05-07 22:10:51,949 [ERROR] yfinance: 
1 Failed download:
2026-05-07 22:10:51,949 [ERROR] yfinance: ['ISHANCH.NS']: possibly delisted; no price data found  (period=9mo)
2026-05-07 22:10:51,951 [INFO] analyzer: No OHLC for ISHANCH, skipping
2026-05-07 22:10:51,957 [ERROR] yfinance: Failed to get ticker 'VITAL.NS' reason: Failed to perform, curl: (6) Could not resolve host: query2.finance.yahoo.com. See https://curl.se/libcurl/c/libcurl-errors.html first for more details.
2026-05-07 22:10:51,962 [ERROR] yfinance: $VITAL.NS: possibly delisted; no price data found  (period=9mo)
2026-05-07 22:10:51,972 [ERROR] yfinance: 
1 Failed download:
2026-05-07 22:10:51,972 [ERROR] yfinance: ['VITAL.NS']: possibly delisted; no price data found  (period=9mo)
2026-05-07 22:10:51,974 [INFO] analyzer: No OHLC for VITAL, skipping
2026-05-07 22:10:51,981 [ERROR] yfinance: $VASWANI.NS: possibly delisted; no price data found  (period=9mo)
2026-05-07 22:10:51,985 [ERROR] yfinance: 
1 Failed download:
2026-05-07 22:10:51,985 [ERROR] yfinance: ['VASWANI.NS']: possibly delisted; no price data found  (period=9mo)
2026-05-07 22:10:51,987 [INFO] analyzer: No OHLC for VASWANI, skipping
2026-05-07 22:10:51,993 [ERROR] yfinance: Failed to get ticker 'PREMIERPOL.NS' reason: Failed to perform, curl: (6) Could not resolve host: query2.finance.yahoo.com. See https://curl.se/libcurl/c/libcurl-errors.html first for more details.
2026-05-07 22:10:51,997 [ERROR] yfinance: $PREMIERPOL.NS: possibly delisted; no price data found  (period=9mo)
2026-05-07 22:10:51,998 [ERROR] yfinance: 
1 Failed download:
2026-05-07 22:10:51,998 [ERROR] yfinance: ['PREMIERPOL.NS']: possibly delisted; no price data found  (period=9mo)
2026-05-07 22:10:52,000 [INFO] analyzer: No OHLC for PREMIERPOL, skipping
2026-05-07 22:10:52,005 [ERROR] yfinance: $BAJAJ-AUTO.NS: possibly delisted; no price data found  (period=9mo)
2026-05-07 22:10:52,011 [ERROR] yfinance: 
1 Failed download:
2026-05-07 22:10:52,011 [ERROR] yfinance: ['BAJAJ-AUTO.NS']: possibly delisted; no price data found  (period=9mo)
2026-05-07 22:10:52,013 [INFO] analyzer: No OHLC for BAJAJ-AUTO, skipping
2026-05-07 22:10:52,019 [ERROR] yfinance: $POLYCAB.NS: possibly delisted; no price data found  (period=9mo)
2026-05-07 22:10:52,023 [ERROR] yfinance: 
1 Failed download:
2026-05-07 22:10:52,024 [ERROR] yfinance: ['POLYCAB.NS']: possibly delisted; no price data found  (period=9mo)
2026-05-07 22:10:52,025 [INFO] analyzer: No OHLC for POLYCAB, skipping
2026-05-07 22:10:52,031 [ERROR] yfinance: $CRAFTSMAN.NS: possibly delisted; no price data found  (period=9mo)
2026-05-07 22:10:52,036 [ERROR] yfinance: 
1 Failed download:
2026-05-07 22:10:52,037 [ERROR] yfinance: ['CRAFTSMAN.NS']: possibly delisted; no price data found  (period=9mo)
2026-05-07 22:10:52,038 [INFO] analyzer: No OHLC for CRAFTSMAN, skipping
2026-05-07 22:10:52,044 [ERROR] yfinance: $LINDEINDIA.NS: possibly delisted; no price data found  (period=9mo)
2026-05-07 22:10:52,049 [ERROR] yfinance: 
1 Failed download:
2026-05-07 22:10:52,049 [ERROR] yfinance: ['LINDEINDIA.NS']: possibly delisted; no price data found  (period=9mo)
2026-05-07 22:10:52,051 [INFO] analyzer: No OHLC for LINDEINDIA, skipping
2026-05-07 22:10:52,056 [ERROR] yfinance: Failed to get ticker 'MTARTECH.NS' reason: Failed to perform, curl: (6) Could not resolve host: query2.finance.yahoo.com. See https://curl.se/libcurl/c/libcurl-errors.html first for more details.
2026-05-07 22:10:52,062 [ERROR] yfinance: $MTARTECH.NS: possibly delisted; no price data found  (period=9mo)
2026-05-07 22:10:52,062 [ERROR] yfinance: 
1 Failed download:
2026-05-07 22:10:52,062 [ERROR] yfinance: ['MTARTECH.NS']: possibly delisted; no price data found  (period=9mo)
2026-05-07 22:10:52,064 [INFO] analyzer: No OHLC for MTARTECH, skipping
2026-05-07 22:10:52,070 [ERROR] yfinance: $GRWRHITECH.NS: possibly delisted; no price data found  (period=9mo)
2026-05-07 22:10:52,074 [ERROR] yfinance: 
1 Failed download:
2026-05-07 22:10:52,075 [ERROR] yfinance: ['GRWRHITECH.NS']: possibly delisted; no price data found  (period=9mo)
2026-05-07 22:10:52,076 [INFO] analyzer: No OHLC for GRWRHITECH, skipping
2026-05-07 22:10:52,097 [ERROR] yfinance: Failed to get ticker 'INGERRAND.NS' reason: Failed to perform, curl: (6) Could not resolve host: query2.finance.yahoo.com. See https://curl.se/libcurl/c/libcurl-errors.html first for more details.
2026-05-07 22:10:52,127 [ERROR] yfinance: $INGERRAND.NS: possibly delisted; no price data found  (period=9mo)
2026-05-07 22:10:52,128 [ERROR] yfinance: 
1 Failed download:
2026-05-07 22:10:52,129 [ERROR] yfinance: ['INGERRAND.NS']: possibly delisted; no price data found  (period=9mo)
2026-05-07 22:10:52,130 [INFO] analyzer: No OHLC for INGERRAND, skipping
2026-05-07 22:10:52,136 [ERROR] yfinance: Failed to get ticker 'THERMAX.NS' reason: Failed to perform, curl: (6) Could not resolve host: query2.finance.yahoo.com. See https://curl.se/libcurl/c/libcurl-errors.html first for more details.
2026-05-07 22:10:52,141 [ERROR] yfinance: $THERMAX.NS: possibly delisted; no price data found  (period=9mo)
2026-05-07 22:10:52,141 [ERROR] yfinance: 
1 Failed download:
2026-05-07 22:10:52,141 [ERROR] yfinance: ['THERMAX.NS']: possibly delisted; no price data found  (period=9mo)
2026-05-07 22:10:52,143 [INFO] analyzer: No OHLC for THERMAX, skipping
2026-05-07 22:10:52,149 [ERROR] yfinance: Failed to get ticker 'RADICO.NS' reason: Failed to perform, curl: (6) Could not resolve host: query2.finance.yahoo.com. See https://curl.se/libcurl/c/libcurl-errors.html first for more details.
2026-05-07 22:10:52,153 [ERROR] yfinance: $RADICO.NS: possibly delisted; no price data found  (period=9mo)
2026-05-07 22:10:52,153 [ERROR] yfinance: 
1 Failed download:
2026-05-07 22:10:52,153 [ERROR] yfinance: ['RADICO.NS']: possibly delisted; no price data found  (period=9mo)
2026-05-07 22:10:52,155 [INFO] analyzer: No OHLC for RADICO, skipping
2026-05-07 22:10:52,162 [ERROR] yfinance: $STYLAMIND.NS: possibly delisted; no price data found  (period=9mo)
2026-05-07 22:10:52,166 [ERROR] yfinance: 
1 Failed download:
2026-05-07 22:10:52,166 [ERROR] yfinance: ['STYLAMIND.NS']: possibly delisted; no price data found  (period=9mo)
2026-05-07 22:10:52,169 [INFO] analyzer: No OHLC for STYLAMIND, skipping
2026-05-07 22:10:52,175 [ERROR] yfinance: Failed to get ticker 'AZAD.NS' reason: Failed to perform, curl: (6) Could not resolve host: query2.finance.yahoo.com. See https://curl.se/libcurl/c/libcurl-errors.html first for more details.
2026-05-07 22:10:52,180 [ERROR] yfinance: $AZAD.NS: possibly delisted; no price data found  (period=9mo)
2026-05-07 22:10:52,180 [ERROR] yfinance: 
1 Failed download:
2026-05-07 22:10:52,180 [ERROR] yfinance: ['AZAD.NS']: possibly delisted; no price data found  (period=9mo)
2026-05-07 22:10:52,182 [INFO] analyzer: No OHLC for AZAD, skipping
2026-05-07 22:10:52,188 [ERROR] yfinance: $RRKABEL.NS: possibly delisted; no price data found  (period=9mo)
2026-05-07 22:10:52,193 [ERROR] yfinance: 
1 Failed download:
2026-05-07 22:10:52,193 [ERROR] yfinance: ['RRKABEL.NS']: possibly delisted; no price data found  (period=9mo)
2026-05-07 22:10:52,194 [INFO] analyzer: No OHLC for RRKABEL, skipping
2026-05-07 22:10:52,201 [ERROR] yfinance: $KIRLPNU.NS: possibly delisted; no price data found  (period=9mo)
2026-05-07 22:10:52,205 [ERROR] yfinance: 
1 Failed download:
2026-05-07 22:10:52,205 [ERROR] yfinance: ['KIRLPNU.NS']: possibly delisted; no price data found  (period=9mo)
2026-05-07 22:10:52,207 [INFO] analyzer: No OHLC for KIRLPNU, skipping
2026-05-07 22:10:52,213 [ERROR] yfinance: Failed to get ticker 'KERNEX.NS' reason: Failed to perform, curl: (6) Could not resolve host: query2.finance.yahoo.com. See https://curl.se/libcurl/c/libcurl-errors.html first for more details.
2026-05-07 22:10:52,216 [ERROR] yfinance: $KERNEX.NS: possibly delisted; no price data found  (period=9mo)
2026-05-07 22:10:52,218 [ERROR] yfinance: 
1 Failed download:
2026-05-07 22:10:52,218 [ERROR] yfinance: ['KERNEX.NS']: possibly delisted; no price data found  (period=9mo)
2026-05-07 22:10:52,220 [INFO] analyzer: No OHLC for KERNEX, skipping
2026-05-07 22:10:52,226 [ERROR] yfinance: $CHEVIOT.NS: possibly delisted; no price data found  (period=9mo)
2026-05-07 22:10:52,230 [ERROR] yfinance: 
1 Failed download:
2026-05-07 22:10:52,231 [ERROR] yfinance: ['CHEVIOT.NS']: possibly delisted; no price data found  (period=9mo)
2026-05-07 22:10:52,232 [INFO] analyzer: No OHLC for CHEVIOT, skipping
2026-05-07 22:10:52,238 [ERROR] yfinance: Failed to get ticker 'TDPOWERSYS.NS' reason: Failed to perform, curl: (6) Could not resolve host: query2.finance.yahoo.com. See https://curl.se/libcurl/c/libcurl-errors.html first for more details.
2026-05-07 22:10:52,243 [ERROR] yfinance: $TDPOWERSYS.NS: possibly delisted; no price data found  (period=9mo)
2026-05-07 22:10:52,243 [ERROR] yfinance: 
1 Failed download:
2026-05-07 22:10:52,243 [ERROR] yfinance: ['TDPOWERSYS.NS']: possibly delisted; no price data found  (period=9mo)
2026-05-07 22:10:52,245 [INFO] analyzer: No OHLC for TDPOWERSYS, skipping
2026-05-07 22:10:52,250 [ERROR] yfinance: $VIJAYA.NS: possibly delisted; no price data found  (period=9mo)
2026-05-07 22:10:52,256 [ERROR] yfinance: 
1 Failed download:
2026-05-07 22:10:52,256 [ERROR] yfinance: ['VIJAYA.NS']: possibly delisted; no price data found  (period=9mo)
2026-05-07 22:10:52,258 [INFO] analyzer: No OHLC for VIJAYA, skipping
2026-05-07 22:10:52,262 [ERROR] yfinance: Failed to get ticker 'INDIAGLYCO.NS' reason: Failed to perform, curl: (6) Could not resolve host: query2.finance.yahoo.com. See https://curl.se/libcurl/c/libcurl-errors.html first for more details.
2026-05-07 22:10:52,266 [ERROR] yfinance: $INDIAGLYCO.NS: possibly delisted; no price data found  (period=9mo)
2026-05-07 22:10:52,268 [ERROR] yfinance: 
1 Failed download:
2026-05-07 22:10:52,268 [ERROR] yfinance: ['INDIAGLYCO.NS']: possibly delisted; no price data found  (period=9mo)
2026-05-07 22:10:52,270 [INFO] analyzer: No OHLC for INDIAGLYCO, skipping
2026-05-07 22:10:52,276 [ERROR] yfinance: Failed to get ticker 'FINCABLES.NS' reason: Failed to perform, curl: (6) Could not resolve host: query2.finance.yahoo.com. See https://curl.se/libcurl/c/libcurl-errors.html first for more details.
2026-05-07 22:10:52,280 [ERROR] yfinance: $FINCABLES.NS: possibly delisted; no price data found  (period=9mo)
2026-05-07 22:10:52,281 [ERROR] yfinance: 
1 Failed download:
2026-05-07 22:10:52,281 [ERROR] yfinance: ['FINCABLES.NS']: possibly delisted; no price data found  (period=9mo)
2026-05-07 22:10:52,283 [INFO] analyzer: No OHLC for FINCABLES, skipping
2026-05-07 22:10:52,289 [ERROR] yfinance: $BBOX.NS: possibly delisted; no price data found  (period=9mo)
2026-05-07 22:10:52,294 [ERROR] yfinance: 
1 Failed download:
2026-05-07 22:10:52,294 [ERROR] yfinance: ['BBOX.NS']: possibly delisted; no price data found  (period=9mo)
2026-05-07 22:10:52,296 [INFO] analyzer: No OHLC for BBOX, skipping
2026-05-07 22:10:52,302 [ERROR] yfinance: $PRECOT.NS: possibly delisted; no price data found  (period=9mo)
2026-05-07 22:10:52,306 [ERROR] yfinance: 
1 Failed download:
2026-05-07 22:10:52,306 [ERROR] yfinance: ['PRECOT.NS']: possibly delisted; no price data found  (period=9mo)
2026-05-07 22:10:52,308 [INFO] analyzer: No OHLC for PRECOT, skipping
2026-05-07 22:10:52,314 [ERROR] yfinance: Failed to get ticker 'BAJAJCON.NS' reason: Failed to perform, curl: (6) Could not resolve host: query2.finance.yahoo.com. See https://curl.se/libcurl/c/libcurl-errors.html first for more details.
2026-05-07 22:10:52,319 [ERROR] yfinance: $BAJAJCON.NS: possibly delisted; no price data found  (period=9mo)
2026-05-07 22:10:52,319 [ERROR] yfinance: 
1 Failed download:
2026-05-07 22:10:52,319 [ERROR] yfinance: ['BAJAJCON.NS']: possibly delisted; no price data found  (period=9mo)
2026-05-07 22:10:52,321 [INFO] analyzer: No OHLC for BAJAJCON, skipping
2026-05-07 22:10:52,328 [ERROR] yfinance: $APCOTEXIND.NS: possibly delisted; no price data found  (period=9mo)
2026-05-07 22:10:52,332 [ERROR] yfinance: 
1 Failed download:
2026-05-07 22:10:52,332 [ERROR] yfinance: ['APCOTEXIND.NS']: possibly delisted; no price data found  (period=9mo)
2026-05-07 22:10:52,334 [INFO] analyzer: No OHLC for APCOTEXIND, skipping
2026-05-07 22:10:52,340 [ERROR] yfinance: Failed to get ticker 'SKYGOLD.NS' reason: Failed to perform, curl: (6) Could not resolve host: query2.finance.yahoo.com. See https://curl.se/libcurl/c/libcurl-errors.html first for more details.
2026-05-07 22:10:52,344 [ERROR] yfinance: $SKYGOLD.NS: possibly delisted; no price data found  (period=9mo)
2026-05-07 22:10:52,344 [ERROR] yfinance: 
1 Failed download:
2026-05-07 22:10:52,345 [ERROR] yfinance: ['SKYGOLD.NS']: possibly delisted; no price data found  (period=9mo)
2026-05-07 22:10:52,346 [INFO] analyzer: No OHLC for SKYGOLD, skipping
2026-05-07 22:10:52,353 [ERROR] yfinance: $SCPL.NS: possibly delisted; no price data found  (period=9mo)
2026-05-07 22:10:52,357 [ERROR] yfinance: 
1 Failed download:
2026-05-07 22:10:52,357 [ERROR] yfinance: ['SCPL.NS']: possibly delisted; no price data found  (period=9mo)
2026-05-07 22:10:52,359 [INFO] analyzer: No OHLC for SCPL, skipping
2026-05-07 22:10:52,365 [ERROR] yfinance: Failed to get ticker 'AEROFLEX.NS' reason: Failed to perform, curl: (6) Could not resolve host: query2.finance.yahoo.com. See https://curl.se/libcurl/c/libcurl-errors.html first for more details.
2026-05-07 22:10:52,370 [ERROR] yfinance: $AEROFLEX.NS: possibly delisted; no price data found  (period=9mo)
2026-05-07 22:10:52,370 [ERROR] yfinance: 
1 Failed download:
2026-05-07 22:10:52,370 [ERROR] yfinance: ['AEROFLEX.NS']: possibly delisted; no price data found  (period=9mo)
2026-05-07 22:10:52,372 [INFO] analyzer: No OHLC for AEROFLEX, skipping
2026-05-07 22:10:52,377 [ERROR] yfinance: $SUNFLAG.NS: possibly delisted; no price data found  (period=9mo)
2026-05-07 22:10:52,383 [ERROR] yfinance: 
1 Failed download:
2026-05-07 22:10:52,383 [ERROR] yfinance: ['SUNFLAG.NS']: possibly delisted; no price data found  (period=9mo)
2026-05-07 22:10:52,385 [INFO] analyzer: No OHLC for SUNFLAG, skipping
2026-05-07 22:10:52,391 [ERROR] yfinance: $BHEL.NS: possibly delisted; no price data found  (period=9mo)
2026-05-07 22:10:52,396 [ERROR] yfinance: 
1 Failed download:
2026-05-07 22:10:52,396 [ERROR] yfinance: ['BHEL.NS']: possibly delisted; no price data found  (period=9mo)
2026-05-07 22:10:52,398 [INFO] analyzer: No OHLC for BHEL, skipping
2026-05-07 22:10:52,403 [ERROR] yfinance: Failed to get ticker 'ASHIANA.NS' reason: Failed to perform, curl: (6) Could not resolve host: query2.finance.yahoo.com. See https://curl.se/libcurl/c/libcurl-errors.html first for more details.
2026-05-07 22:10:52,407 [ERROR] yfinance: $ASHIANA.NS: possibly delisted; no price data found  (period=9mo)
2026-05-07 22:10:52,408 [ERROR] yfinance: 
1 Failed download:
2026-05-07 22:10:52,408 [ERROR] yfinance: ['ASHIANA.NS']: possibly delisted; no price data found  (period=9mo)
2026-05-07 22:10:52,410 [INFO] analyzer: No OHLC for ASHIANA, skipping
2026-05-07 22:10:52,416 [ERROR] yfinance: $CEIGALL.NS: possibly delisted; no price data found  (period=9mo)
2026-05-07 22:10:52,421 [ERROR] yfinance: 
1 Failed download:
2026-05-07 22:10:52,421 [ERROR] yfinance: ['CEIGALL.NS']: possibly delisted; no price data found  (period=9mo)
2026-05-07 22:10:52,422 [INFO] analyzer: No OHLC for CEIGALL, skipping
2026-05-07 22:10:52,428 [ERROR] yfinance: Failed to get ticker 'NLCINDIA.NS' reason: Failed to perform, curl: (6) Could not resolve host: query2.finance.yahoo.com. See https://curl.se/libcurl/c/libcurl-errors.html first for more details.
2026-05-07 22:10:52,433 [ERROR] yfinance: $NLCINDIA.NS: possibly delisted; no price data found  (period=9mo)
2026-05-07 22:10:52,434 [ERROR] yfinance: 
1 Failed download:
2026-05-07 22:10:52,434 [ERROR] yfinance: ['NLCINDIA.NS']: possibly delisted; no price data found  (period=9mo)
2026-05-07 22:10:52,435 [INFO] analyzer: No OHLC for NLCINDIA, skipping
2026-05-07 22:10:52,441 [ERROR] yfinance: $SIGMAADV.NS: possibly delisted; no price data found  (period=9mo)
2026-05-07 22:10:52,446 [ERROR] yfinance: 
1 Failed download:
2026-05-07 22:10:52,446 [ERROR] yfinance: ['SIGMAADV.NS']: possibly delisted; no price data found  (period=9mo)
2026-05-07 22:10:52,448 [INFO] analyzer: No OHLC for SIGMAADV, skipping
2026-05-07 22:10:52,453 [ERROR] yfinance: $PTC.NS: possibly delisted; no price data found  (period=9mo)
2026-05-07 22:10:52,459 [ERROR] yfinance: 
1 Failed download:
2026-05-07 22:10:52,459 [ERROR] yfinance: ['PTC.NS']: possibly delisted; no price data found  (period=9mo)
2026-05-07 22:10:52,461 [INFO] analyzer: No OHLC for PTC, skipping
2026-05-07 22:10:52,466 [ERROR] yfinance: Failed to get ticker 'OMAXAUTO.NS' reason: Failed to perform, curl: (6) Could not resolve host: query2.finance.yahoo.com. See https://curl.se/libcurl/c/libcurl-errors.html first for more details.
2026-05-07 22:10:52,470 [ERROR] yfinance: $OMAXAUTO.NS: possibly delisted; no price data found  (period=9mo)
2026-05-07 22:10:52,472 [ERROR] yfinance: 
1 Failed download:
2026-05-07 22:10:52,472 [ERROR] yfinance: ['OMAXAUTO.NS']: possibly delisted; no price data found  (period=9mo)
2026-05-07 22:10:52,473 [INFO] analyzer: No OHLC for OMAXAUTO, skipping
2026-05-07 22:10:52,479 [ERROR] yfinance: Failed to get ticker 'FUSION.NS' reason: Failed to perform, curl: (6) Could not resolve host: query2.finance.yahoo.com. See https://curl.se/libcurl/c/libcurl-errors.html first for more details.
2026-05-07 22:10:52,484 [ERROR] yfinance: $FUSION.NS: possibly delisted; no price data found  (period=9mo)
2026-05-07 22:10:52,484 [ERROR] yfinance: 
1 Failed download:
2026-05-07 22:10:52,485 [ERROR] yfinance: ['FUSION.NS']: possibly delisted; no price data found  (period=9mo)
2026-05-07 22:10:52,486 [INFO] analyzer: No OHLC for FUSION, skipping
2026-05-07 22:10:52,493 [ERROR] yfinance: $SATIN.NS: possibly delisted; no price data found  (period=9mo)
2026-05-07 22:10:52,497 [ERROR] yfinance: 
1 Failed download:
2026-05-07 22:10:52,497 [ERROR] yfinance: ['SATIN.NS']: possibly delisted; no price data found  (period=9mo)
2026-05-07 22:10:52,499 [INFO] analyzer: No OHLC for SATIN, skipping
2026-05-07 22:10:52,505 [ERROR] yfinance: $HFCL.NS: possibly delisted; no price data found  (period=9mo)
2026-05-07 22:10:52,510 [ERROR] yfinance: 
1 Failed download:
2026-05-07 22:10:52,510 [ERROR] yfinance: ['HFCL.NS']: possibly delisted; no price data found  (period=9mo)
2026-05-07 22:10:52,512 [INFO] analyzer: No OHLC for HFCL, skipping
2026-05-07 22:10:52,518 [ERROR] yfinance: Failed to get ticker 'AEROENTER.NS' reason: Failed to perform, curl: (6) Could not resolve host: query2.finance.yahoo.com. See https://curl.se/libcurl/c/libcurl-errors.html first for more details.
2026-05-07 22:10:52,523 [ERROR] yfinance: $AEROENTER.NS: possibly delisted; no price data found  (period=9mo)
2026-05-07 22:10:52,533 [ERROR] yfinance: 
1 Failed download:
2026-05-07 22:10:52,533 [ERROR] yfinance: ['AEROENTER.NS']: possibly delisted; no price data found  (period=9mo)
2026-05-07 22:10:52,535 [INFO] analyzer: No OHLC for AEROENTER, skipping
2026-05-07 22:10:52,540 [ERROR] yfinance: Failed to get ticker 'COASTCORP.NS' reason: Failed to perform, curl: (6) Could not resolve host: query2.finance.yahoo.com. See https://curl.se/libcurl/c/libcurl-errors.html first for more details.
2026-05-07 22:10:52,545 [ERROR] yfinance: $COASTCORP.NS: possibly delisted; no price data found  (period=9mo)
2026-05-07 22:10:52,546 [ERROR] yfinance: 
1 Failed download:
2026-05-07 22:10:52,546 [ERROR] yfinance: ['COASTCORP.NS']: possibly delisted; no price data found  (period=9mo)
2026-05-07 22:10:52,547 [INFO] analyzer: No OHLC for COASTCORP, skipping
2026-05-07 22:10:52,554 [ERROR] yfinance: Failed to get ticker 'KICL.NS' reason: Failed to perform, curl: (6) Could not resolve host: query2.finance.yahoo.com. See https://curl.se/libcurl/c/libcurl-errors.html first for more details.
2026-05-07 22:10:52,558 [ERROR] yfinance: $KICL.NS: possibly delisted; no price data found  (period=9mo)
2026-05-07 22:10:52,558 [ERROR] yfinance: 
1 Failed download:
2026-05-07 22:10:52,558 [ERROR] yfinance: ['KICL.NS']: possibly delisted; no price data found  (period=9mo)
2026-05-07 22:10:52,560 [INFO] analyzer: No OHLC for KICL, skipping
2026-05-07 22:10:52,566 [ERROR] yfinance: Failed to get ticker 'ESCORTS.NS' reason: Failed to perform, curl: (6) Could not resolve host: query2.finance.yahoo.com. See https://curl.se/libcurl/c/libcurl-errors.html first for more details.
2026-05-07 22:10:52,569 [ERROR] yfinance: $ESCORTS.NS: possibly delisted; no price data found  (period=9mo)
2026-05-07 22:10:52,571 [ERROR] yfinance: 
1 Failed download:
2026-05-07 22:10:52,571 [ERROR] yfinance: ['ESCORTS.NS']: possibly delisted; no price data found  (period=9mo)
2026-05-07 22:10:52,573 [INFO] analyzer: No OHLC for ESCORTS, skipping
2026-05-07 22:10:52,578 [ERROR] yfinance: Failed to get ticker 'ENDURANCE.NS' reason: Failed to perform, curl: (6) Could not resolve host: query2.finance.yahoo.com. See https://curl.se/libcurl/c/libcurl-errors.html first for more details.
2026-05-07 22:10:52,582 [ERROR] yfinance: $ENDURANCE.NS: possibly delisted; no price data found  (period=9mo)
2026-05-07 22:10:52,583 [ERROR] yfinance: 
1 Failed download:
2026-05-07 22:10:52,584 [ERROR] yfinance: ['ENDURANCE.NS']: possibly delisted; no price data found  (period=9mo)
2026-05-07 22:10:52,585 [INFO] analyzer: No OHLC for ENDURANCE, skipping
2026-05-07 22:10:52,591 [ERROR] yfinance: Failed to get ticker 'CARTRADE.NS' reason: Failed to perform, curl: (6) Could not resolve host: query2.finance.yahoo.com. See https://curl.se/libcurl/c/libcurl-errors.html first for more details.
2026-05-07 22:10:52,595 [ERROR] yfinance: $CARTRADE.NS: possibly delisted; no price data found  (period=9mo)
2026-05-07 22:10:52,596 [ERROR] yfinance: 
1 Failed download:
2026-05-07 22:10:52,596 [ERROR] yfinance: ['CARTRADE.NS']: possibly delisted; no price data found  (period=9mo)
2026-05-07 22:10:52,597 [INFO] analyzer: No OHLC for CARTRADE, skipping
2026-05-07 22:10:52,604 [ERROR] yfinance: Failed to get ticker 'SAFARI.NS' reason: Failed to perform, curl: (6) Could not resolve host: query2.finance.yahoo.com. See https://curl.se/libcurl/c/libcurl-errors.html first for more details.
2026-05-07 22:10:52,608 [ERROR] yfinance: $SAFARI.NS: possibly delisted; no price data found  (period=9mo)
2026-05-07 22:10:52,618 [ERROR] yfinance: 
1 Failed download:
2026-05-07 22:10:52,618 [ERROR] yfinance: ['SAFARI.NS']: possibly delisted; no price data found  (period=9mo)
2026-05-07 22:10:52,620 [INFO] analyzer: No OHLC for SAFARI, skipping
2026-05-07 22:10:52,625 [ERROR] yfinance: Failed to get ticker 'ANURAS.NS' reason: Failed to perform, curl: (6) Could not resolve host: query2.finance.yahoo.com. See https://curl.se/libcurl/c/libcurl-errors.html first for more details.
2026-05-07 22:10:52,631 [ERROR] yfinance: $ANURAS.NS: possibly delisted; no price data found  (period=9mo)
2026-05-07 22:10:52,631 [ERROR] yfinance: 
1 Failed download:
2026-05-07 22:10:52,631 [ERROR] yfinance: ['ANURAS.NS']: possibly delisted; no price data found  (period=9mo)
2026-05-07 22:10:52,633 [INFO] analyzer: No OHLC for ANURAS, skipping
2026-05-07 22:10:52,638 [ERROR] yfinance: Failed to get ticker 'IMPAL.NS' reason: Failed to perform, curl: (6) Could not resolve host: query2.finance.yahoo.com. See https://curl.se/libcurl/c/libcurl-errors.html first for more details.
2026-05-07 22:10:52,643 [ERROR] yfinance: $IMPAL.NS: possibly delisted; no price data found  (period=9mo)
2026-05-07 22:10:52,644 [ERROR] yfinance: 
1 Failed download:
2026-05-07 22:10:52,644 [ERROR] yfinance: ['IMPAL.NS']: possibly delisted; no price data found  (period=9mo)
2026-05-07 22:10:52,645 [INFO] analyzer: No OHLC for IMPAL, skipping
2026-05-07 22:10:52,650 [ERROR] yfinance: Failed to get ticker 'HDFCLIFE.NS' reason: Failed to perform, curl: (6) Could not resolve host: query2.finance.yahoo.com. See https://curl.se/libcurl/c/libcurl-errors.html first for more details.
2026-05-07 22:10:52,655 [ERROR] yfinance: $HDFCLIFE.NS: possibly delisted; no price data found  (period=9mo)
2026-05-07 22:10:52,656 [ERROR] yfinance: 
1 Failed download:
2026-05-07 22:10:52,656 [ERROR] yfinance: ['HDFCLIFE.NS']: possibly delisted; no price data found  (period=9mo)
2026-05-07 22:10:52,658 [INFO] analyzer: No OHLC for HDFCLIFE, skipping
2026-05-07 22:10:52,664 [ERROR] yfinance: Failed to get ticker 'PROTEAN.NS' reason: Failed to perform, curl: (6) Could not resolve host: query2.finance.yahoo.com. See https://curl.se/libcurl/c/libcurl-errors.html first for more details.
2026-05-07 22:10:52,668 [ERROR] yfinance: $PROTEAN.NS: possibly delisted; no price data found  (period=9mo)
2026-05-07 22:10:52,669 [ERROR] yfinance: 
1 Failed download:
2026-05-07 22:10:52,669 [ERROR] yfinance: ['PROTEAN.NS']: possibly delisted; no price data found  (period=9mo)
2026-05-07 22:10:52,671 [INFO] analyzer: No OHLC for PROTEAN, skipping
2026-05-07 22:10:52,677 [ERROR] yfinance: Failed to get ticker 'RUSTOMJEE.NS' reason: Failed to perform, curl: (6) Could not resolve host: query2.finance.yahoo.com. See https://curl.se/libcurl/c/libcurl-errors.html first for more details.
2026-05-07 22:10:52,681 [ERROR] yfinance: $RUSTOMJEE.NS: possibly delisted; no price data found  (period=9mo)
2026-05-07 22:10:52,682 [ERROR] yfinance: 
1 Failed download:
2026-05-07 22:10:52,682 [ERROR] yfinance: ['RUSTOMJEE.NS']: possibly delisted; no price data found  (period=9mo)
2026-05-07 22:10:52,683 [INFO] analyzer: No OHLC for RUSTOMJEE, skipping
2026-05-07 22:10:52,689 [ERROR] yfinance: Failed to get ticker 'NUVOCO.NS' reason: Failed to perform, curl: (6) Could not resolve host: query2.finance.yahoo.com. See https://curl.se/libcurl/c/libcurl-errors.html first for more details.
2026-05-07 22:10:52,692 [ERROR] yfinance: $NUVOCO.NS: possibly delisted; no price data found  (period=9mo)
2026-05-07 22:10:52,694 [ERROR] yfinance: 
1 Failed download:
2026-05-07 22:10:52,695 [ERROR] yfinance: ['NUVOCO.NS']: possibly delisted; no price data found  (period=9mo)
2026-05-07 22:10:52,696 [INFO] analyzer: No OHLC for NUVOCO, skipping
2026-05-07 22:10:52,702 [ERROR] yfinance: Failed to get ticker 'VIPIND.NS' reason: Failed to perform, curl: (6) Could not resolve host: query2.finance.yahoo.com. See https://curl.se/libcurl/c/libcurl-errors.html first for more details.
2026-05-07 22:10:52,727 [ERROR] yfinance: $VIPIND.NS: possibly delisted; no price data found  (period=9mo)
2026-05-07 22:10:52,736 [ERROR] yfinance: 
1 Failed download:
2026-05-07 22:10:52,736 [ERROR] yfinance: ['VIPIND.NS']: possibly delisted; no price data found  (period=9mo)
2026-05-07 22:10:52,737 [INFO] analyzer: No OHLC for VIPIND, skipping
2026-05-07 22:10:52,745 [ERROR] yfinance: Failed to get ticker 'ORIENTTECH.NS' reason: Failed to perform, curl: (6) Could not resolve host: query2.finance.yahoo.com. See https://curl.se/libcurl/c/libcurl-errors.html first for more details.
2026-05-07 22:10:52,750 [ERROR] yfinance: $ORIENTTECH.NS: possibly delisted; no price data found  (period=9mo)
2026-05-07 22:10:52,759 [ERROR] yfinance: 
1 Failed download:
2026-05-07 22:10:52,759 [ERROR] yfinance: ['ORIENTTECH.NS']: possibly delisted; no price data found  (period=9mo)
2026-05-07 22:10:52,762 [INFO] analyzer: No OHLC for ORIENTTECH, skipping
2026-05-07 22:10:52,770 [ERROR] yfinance: Failed to get ticker 'THOMASCOTT.NS' reason: Failed to perform, curl: (6) Could not resolve host: query2.finance.yahoo.com. See https://curl.se/libcurl/c/libcurl-errors.html first for more details.
2026-05-07 22:10:52,776 [ERROR] yfinance: $THOMASCOTT.NS: possibly delisted; no price data found  (period=9mo)
2026-05-07 22:10:52,783 [ERROR] yfinance: 
1 Failed download:
2026-05-07 22:10:52,784 [ERROR] yfinance: ['THOMASCOTT.NS']: possibly delisted; no price data found  (period=9mo)
2026-05-07 22:10:52,787 [INFO] analyzer: No OHLC for THOMASCOTT, skipping
2026-05-07 22:10:52,794 [ERROR] yfinance: Failed to get ticker 'RELAXO.NS' reason: Failed to perform, curl: (6) Could not resolve host: query2.finance.yahoo.com. See https://curl.se/libcurl/c/libcurl-errors.html first for more details.
2026-05-07 22:10:52,799 [ERROR] yfinance: $RELAXO.NS: possibly delisted; no price data found  (period=9mo)
2026-05-07 22:10:52,808 [ERROR] yfinance: 
1 Failed download:
2026-05-07 22:10:52,808 [ERROR] yfinance: ['RELAXO.NS']: possibly delisted; no price data found  (period=9mo)
2026-05-07 22:10:52,810 [INFO] analyzer: No OHLC for RELAXO, skipping
2026-05-07 22:10:52,816 [ERROR] yfinance: Failed to get ticker 'AUTOBEES.NS' reason: Failed to perform, curl: (6) Could not resolve host: query2.finance.yahoo.com. See https://curl.se/libcurl/c/libcurl-errors.html first for more details.
2026-05-07 22:10:52,820 [ERROR] yfinance: $AUTOBEES.NS: possibly delisted; no price data found  (period=9mo)
2026-05-07 22:10:52,822 [ERROR] yfinance: 
1 Failed download:
2026-05-07 22:10:52,822 [ERROR] yfinance: ['AUTOBEES.NS']: possibly delisted; no price data found  (period=9mo)
2026-05-07 22:10:52,824 [INFO] analyzer: No OHLC for AUTOBEES, skipping
2026-05-07 22:10:52,829 [ERROR] yfinance: Failed to get ticker 'STYL.NS' reason: Failed to perform, curl: (6) Could not resolve host: query2.finance.yahoo.com. See https://curl.se/libcurl/c/libcurl-errors.html first for more details.
2026-05-07 22:10:52,834 [ERROR] yfinance: $STYL.NS: possibly delisted; no price data found  (period=9mo)
2026-05-07 22:10:52,835 [ERROR] yfinance: 
1 Failed download:
2026-05-07 22:10:52,835 [ERROR] yfinance: ['STYL.NS']: possibly delisted; no price data found  (period=9mo)
2026-05-07 22:10:52,836 [INFO] analyzer: No OHLC for STYL, skipping
2026-05-07 22:10:52,843 [ERROR] yfinance: Failed to get ticker 'VRLLOG.NS' reason: Failed to perform, curl: (6) Could not resolve host: query2.finance.yahoo.com. See https://curl.se/libcurl/c/libcurl-errors.html first for more details.
2026-05-07 22:10:52,848 [ERROR] yfinance: $VRLLOG.NS: possibly delisted; no price data found  (period=9mo)
2026-05-07 22:10:52,857 [ERROR] yfinance: 
1 Failed download:
2026-05-07 22:10:52,858 [ERROR] yfinance: ['VRLLOG.NS']: possibly delisted; no price data found  (period=9mo)
2026-05-07 22:10:52,860 [INFO] analyzer: No OHLC for VRLLOG, skipping
2026-05-07 22:10:52,866 [ERROR] yfinance: Failed to get ticker 'AEGISVOPAK.NS' reason: Failed to perform, curl: (6) Could not resolve host: query2.finance.yahoo.com. See https://curl.se/libcurl/c/libcurl-errors.html first for more details.
2026-05-07 22:10:52,870 [ERROR] yfinance: $AEGISVOPAK.NS: possibly delisted; no price data found  (period=9mo)
2026-05-07 22:10:52,871 [ERROR] yfinance: 
1 Failed download:
2026-05-07 22:10:52,871 [ERROR] yfinance: ['AEGISVOPAK.NS']: possibly delisted; no price data found  (period=9mo)
2026-05-07 22:10:52,872 [INFO] analyzer: No OHLC for AEGISVOPAK, skipping
2026-05-07 22:10:52,878 [ERROR] yfinance: Failed to get ticker 'SAGCEM.NS' reason: Failed to perform, curl: (6) Could not resolve host: query2.finance.yahoo.com. See https://curl.se/libcurl/c/libcurl-errors.html first for more details.
2026-05-07 22:10:52,882 [ERROR] yfinance: $SAGCEM.NS: possibly delisted; no price data found  (period=9mo)
2026-05-07 22:10:52,883 [ERROR] yfinance: 
1 Failed download:
2026-05-07 22:10:52,883 [ERROR] yfinance: ['SAGCEM.NS']: possibly delisted; no price data found  (period=9mo)
2026-05-07 22:10:52,885 [INFO] analyzer: No OHLC for SAGCEM, skipping
2026-05-07 22:10:52,892 [ERROR] yfinance: $MANUFGBEES.NS: possibly delisted; no price data found  (period=9mo)
2026-05-07 22:10:52,896 [ERROR] yfinance: 
1 Failed download:
2026-05-07 22:10:52,896 [ERROR] yfinance: ['MANUFGBEES.NS']: possibly delisted; no price data found  (period=9mo)
2026-05-07 22:10:52,897 [INFO] analyzer: No OHLC for MANUFGBEES, skipping
2026-05-07 22:10:52,903 [ERROR] yfinance: Failed to get ticker 'MARKOLINES.NS' reason: Failed to perform, curl: (6) Could not resolve host: query2.finance.yahoo.com. See https://curl.se/libcurl/c/libcurl-errors.html first for more details.
2026-05-07 22:10:52,908 [ERROR] yfinance: $MARKOLINES.NS: possibly delisted; no price data found  (period=9mo)
2026-05-07 22:10:52,908 [ERROR] yfinance: 
1 Failed download:
2026-05-07 22:10:52,909 [ERROR] yfinance: ['MARKOLINES.NS']: possibly delisted; no price data found  (period=9mo)
2026-05-07 22:10:52,910 [INFO] analyzer: No OHLC for MARKOLINES, skipping
2026-05-07 22:10:52,915 [ERROR] yfinance: Failed to get ticker 'INDOFARM.NS' reason: Failed to perform, curl: (6) Could not resolve host: query2.finance.yahoo.com. See https://curl.se/libcurl/c/libcurl-errors.html first for more details.
2026-05-07 22:10:52,919 [ERROR] yfinance: $INDOFARM.NS: possibly delisted; no price data found  (period=9mo)
2026-05-07 22:10:52,921 [ERROR] yfinance: 
1 Failed download:
2026-05-07 22:10:52,921 [ERROR] yfinance: ['INDOFARM.NS']: possibly delisted; no price data found  (period=9mo)
2026-05-07 22:10:52,923 [INFO] analyzer: No OHLC for INDOFARM, skipping
2026-05-07 22:10:52,929 [ERROR] yfinance: Failed to get ticker 'INTENTECH.NS' reason: Failed to perform, curl: (6) Could not resolve host: query2.finance.yahoo.com. See https://curl.se/libcurl/c/libcurl-errors.html first for more details.
2026-05-07 22:10:52,933 [ERROR] yfinance: $INTENTECH.NS: possibly delisted; no price data found  (period=9mo)
2026-05-07 22:10:52,934 [ERROR] yfinance: 
1 Failed download:
2026-05-07 22:10:52,934 [ERROR] yfinance: ['INTENTECH.NS']: possibly delisted; no price data found  (period=9mo)
2026-05-07 22:10:52,936 [INFO] analyzer: No OHLC for INTENTECH, skipping
2026-05-07 22:10:52,941 [ERROR] yfinance: Failed to get ticker 'TOUCHWOOD.NS' reason: Failed to perform, curl: (6) Could not resolve host: query2.finance.yahoo.com. See https://curl.se/libcurl/c/libcurl-errors.html first for more details.
2026-05-07 22:10:52,944 [ERROR] yfinance: $TOUCHWOOD.NS: possibly delisted; no price data found  (period=9mo)
2026-05-07 22:10:52,947 [ERROR] yfinance: 
1 Failed download:
2026-05-07 22:10:52,947 [ERROR] yfinance: ['TOUCHWOOD.NS']: possibly delisted; no price data found  (period=9mo)
2026-05-07 22:10:52,948 [INFO] analyzer: No OHLC for TOUCHWOOD, skipping
2026-05-07 22:10:52,954 [ERROR] yfinance: $GATEWAY.NS: possibly delisted; no price data found  (period=9mo)
2026-05-07 22:10:52,959 [ERROR] yfinance: 
1 Failed download:
2026-05-07 22:10:52,959 [ERROR] yfinance: ['GATEWAY.NS']: possibly delisted; no price data found  (period=9mo)
2026-05-07 22:10:52,961 [INFO] analyzer: No OHLC for GATEWAY, skipping
2026-05-07 22:10:52,967 [ERROR] yfinance: Failed to get ticker 'BBNPNBETF.NS' reason: Failed to perform, curl: (6) Could not resolve host: query2.finance.yahoo.com. See https://curl.se/libcurl/c/libcurl-errors.html first for more details.
2026-05-07 22:10:52,971 [ERROR] yfinance: $BBNPNBETF.NS: possibly delisted; no price data found  (period=9mo)
2026-05-07 22:10:52,971 [ERROR] yfinance: 
1 Failed download:
2026-05-07 22:10:52,972 [ERROR] yfinance: ['BBNPNBETF.NS']: possibly delisted; no price data found  (period=9mo)
2026-05-07 22:10:52,973 [INFO] analyzer: No OHLC for BBNPNBETF, skipping
2026-05-07 22:10:52,978 [ERROR] yfinance: Failed to get ticker 'SHALPAINTS.NS' reason: Failed to perform, curl: (6) Could not resolve host: query2.finance.yahoo.com. See https://curl.se/libcurl/c/libcurl-errors.html first for more details.
2026-05-07 22:10:52,982 [ERROR] yfinance: $SHALPAINTS.NS: possibly delisted; no price data found  (period=9mo)
2026-05-07 22:10:52,984 [ERROR] yfinance: 
1 Failed download:
2026-05-07 22:10:52,984 [ERROR] yfinance: ['SHALPAINTS.NS']: possibly delisted; no price data found  (period=9mo)
2026-05-07 22:10:52,986 [INFO] analyzer: No OHLC for SHALPAINTS, skipping
2026-05-07 22:10:52,992 [ERROR] yfinance: Failed to get ticker 'BIGBLOC.NS' reason: Failed to perform, curl: (6) Could not resolve host: query2.finance.yahoo.com. See https://curl.se/libcurl/c/libcurl-errors.html first for more details.
2026-05-07 22:10:52,996 [ERROR] yfinance: $BIGBLOC.NS: possibly delisted; no price data found  (period=9mo)
2026-05-07 22:10:52,997 [ERROR] yfinance: 
1 Failed download:
2026-05-07 22:10:52,997 [ERROR] yfinance: ['BIGBLOC.NS']: possibly delisted; no price data found  (period=9mo)
2026-05-07 22:10:52,998 [INFO] analyzer: No OHLC for BIGBLOC, skipping
2026-05-07 22:10:53,004 [ERROR] yfinance: $ZFCVINDIA.NS: possibly delisted; no price data found  (period=9mo)
2026-05-07 22:10:53,009 [ERROR] yfinance: 
1 Failed download:
2026-05-07 22:10:53,010 [ERROR] yfinance: ['ZFCVINDIA.NS']: possibly delisted; no price data found  (period=9mo)
2026-05-07 22:10:53,011 [INFO] analyzer: No OHLC for ZFCVINDIA, skipping
2026-05-07 22:10:53,018 [ERROR] yfinance: $ATUL.NS: possibly delisted; no price data found  (period=9mo)
2026-05-07 22:10:53,022 [ERROR] yfinance: 
1 Failed download:
2026-05-07 22:10:53,022 [ERROR] yfinance: ['ATUL.NS']: possibly delisted; no price data found  (period=9mo)
2026-05-07 22:10:53,024 [INFO] analyzer: No OHLC for ATUL, skipping
2026-05-07 22:10:53,030 [ERROR] yfinance: Failed to get ticker 'DMART.NS' reason: Failed to perform, curl: (6) Could not resolve host: query2.finance.yahoo.com. See https://curl.se/libcurl/c/libcurl-errors.html first for more details.
2026-05-07 22:10:53,033 [ERROR] yfinance: $DMART.NS: possibly delisted; no price data found  (period=9mo)
2026-05-07 22:10:53,035 [ERROR] yfinance: 
1 Failed download:
2026-05-07 22:10:53,035 [ERROR] yfinance: ['DMART.NS']: possibly delisted; no price data found  (period=9mo)
2026-05-07 22:10:53,037 [INFO] analyzer: No OHLC for DMART, skipping
2026-05-07 22:10:53,043 [ERROR] yfinance: $TORNTPHARM.NS: possibly delisted; no price data found  (period=9mo)
2026-05-07 22:10:53,048 [ERROR] yfinance: 
1 Failed download:
2026-05-07 22:10:53,048 [ERROR] yfinance: ['TORNTPHARM.NS']: possibly delisted; no price data found  (period=9mo)
2026-05-07 22:10:53,049 [INFO] analyzer: No OHLC for TORNTPHARM, skipping
2026-05-07 22:10:53,055 [ERROR] yfinance: Failed to get ticker 'ANANDRATHI.NS' reason: Failed to perform, curl: (6) Could not resolve host: query2.finance.yahoo.com. See https://curl.se/libcurl/c/libcurl-errors.html first for more details.
2026-05-07 22:10:53,060 [ERROR] yfinance: $ANANDRATHI.NS: possibly delisted; no price data found  (period=9mo)
2026-05-07 22:10:53,060 [ERROR] yfinance: 
1 Failed download:
2026-05-07 22:10:53,060 [ERROR] yfinance: ['ANANDRATHI.NS']: possibly delisted; no price data found  (period=9mo)
2026-05-07 22:10:53,062 [INFO] analyzer: No OHLC for ANANDRATHI, skipping
2026-05-07 22:10:53,068 [ERROR] yfinance: $JBCHEPHARM.NS: possibly delisted; no price data found  (period=9mo)
2026-05-07 22:10:53,073 [ERROR] yfinance: 
1 Failed download:
2026-05-07 22:10:53,073 [ERROR] yfinance: ['JBCHEPHARM.NS']: possibly delisted; no price data found  (period=9mo)
2026-05-07 22:10:53,074 [INFO] analyzer: No OHLC for JBCHEPHARM, skipping
2026-05-07 22:10:53,079 [ERROR] yfinance: Failed to get ticker 'PHOENIXLTD.NS' reason: Failed to perform, curl: (6) Could not resolve host: query2.finance.yahoo.com. See https://curl.se/libcurl/c/libcurl-errors.html first for more details.
2026-05-07 22:10:53,083 [ERROR] yfinance: $PHOENIXLTD.NS: possibly delisted; no price data found  (period=9mo)
2026-05-07 22:10:53,085 [ERROR] yfinance: 
1 Failed download:
2026-05-07 22:10:53,085 [ERROR] yfinance: ['PHOENIXLTD.NS']: possibly delisted; no price data found  (period=9mo)
2026-05-07 22:10:53,087 [INFO] analyzer: No OHLC for PHOENIXLTD, skipping
2026-05-07 22:10:53,092 [ERROR] yfinance: $IPCALAB.NS: possibly delisted; no price data found  (period=9mo)
2026-05-07 22:10:53,097 [ERROR] yfinance: 
1 Failed download:
2026-05-07 22:10:53,097 [ERROR] yfinance: ['IPCALAB.NS']: possibly delisted; no price data found  (period=9mo)
2026-05-07 22:10:53,099 [INFO] analyzer: No OHLC for IPCALAB, skipping
2026-05-07 22:10:53,105 [ERROR] yfinance: $TRAVELFOOD.NS: possibly delisted; no price data found  (period=9mo)
2026-05-07 22:10:53,110 [ERROR] yfinance: 
1 Failed download:
2026-05-07 22:10:53,110 [ERROR] yfinance: ['TRAVELFOOD.NS']: possibly delisted; no price data found  (period=9mo)
2026-05-07 22:10:53,111 [INFO] analyzer: No OHLC for TRAVELFOOD, skipping
2026-05-07 22:10:53,117 [ERROR] yfinance: $NATCOPHARM.NS: possibly delisted; no price data found  (period=9mo)
2026-05-07 22:10:53,122 [ERROR] yfinance: 
1 Failed download:
2026-05-07 22:10:53,122 [ERROR] yfinance: ['NATCOPHARM.NS']: possibly delisted; no price data found  (period=9mo)
2026-05-07 22:10:53,124 [INFO] analyzer: No OHLC for NATCOPHARM, skipping
2026-05-07 22:10:53,130 [ERROR] yfinance: $LIQUIDSHRI.NS: possibly delisted; no price data found  (period=9mo)
2026-05-07 22:10:53,135 [ERROR] yfinance: 
1 Failed download:
2026-05-07 22:10:53,135 [ERROR] yfinance: ['LIQUIDSHRI.NS']: possibly delisted; no price data found  (period=9mo)
2026-05-07 22:10:53,137 [INFO] analyzer: No OHLC for LIQUIDSHRI, skipping
2026-05-07 22:10:53,142 [ERROR] yfinance: Failed to get ticker 'LIQUID1.NS' reason: Failed to perform, curl: (6) Could not resolve host: query2.finance.yahoo.com. See https://curl.se/libcurl/c/libcurl-errors.html first for more details.
2026-05-07 22:10:53,147 [ERROR] yfinance: $LIQUID1.NS: possibly delisted; no price data found  (period=9mo)
2026-05-07 22:10:53,147 [ERROR] yfinance: 
1 Failed download:
2026-05-07 22:10:53,148 [ERROR] yfinance: ['LIQUID1.NS']: possibly delisted; no price data found  (period=9mo)
2026-05-07 22:10:53,149 [INFO] analyzer: No OHLC for LIQUID1, skipping
2026-05-07 22:10:53,155 [ERROR] yfinance: $LIQUIDBETF.NS: possibly delisted; no price data found  (period=9mo)
2026-05-07 22:10:53,160 [ERROR] yfinance: 
1 Failed download:
2026-05-07 22:10:53,160 [ERROR] yfinance: ['LIQUIDBETF.NS']: possibly delisted; no price data found  (period=9mo)
2026-05-07 22:10:53,162 [INFO] analyzer: No OHLC for LIQUIDBETF, skipping
2026-05-07 22:10:53,169 [ERROR] yfinance: $AONELIQUID.NS: possibly delisted; no price data found  (period=9mo)
2026-05-07 22:10:53,173 [ERROR] yfinance: 
1 Failed download:
2026-05-07 22:10:53,173 [ERROR] yfinance: ['AONELIQUID.NS']: possibly delisted; no price data found  (period=9mo)
2026-05-07 22:10:53,174 [INFO] analyzer: No OHLC for AONELIQUID, skipping
2026-05-07 22:10:53,181 [ERROR] yfinance: Failed to get ticker 'SPAL.NS' reason: Failed to perform, curl: (6) Could not resolve host: query2.finance.yahoo.com. See https://curl.se/libcurl/c/libcurl-errors.html first for more details.
2026-05-07 22:10:53,186 [ERROR] yfinance: $SPAL.NS: possibly delisted; no price data found  (period=9mo)
2026-05-07 22:10:53,195 [ERROR] yfinance: 
1 Failed download:
2026-05-07 22:10:53,195 [ERROR] yfinance: ['SPAL.NS']: possibly delisted; no price data found  (period=9mo)
2026-05-07 22:10:53,197 [INFO] analyzer: No OHLC for SPAL, skipping
2026-05-07 22:10:53,203 [ERROR] yfinance: Failed to get ticker 'NATIONALUM.NS' reason: Failed to perform, curl: (6) Could not resolve host: query2.finance.yahoo.com. See https://curl.se/libcurl/c/libcurl-errors.html first for more details.
2026-05-07 22:10:53,208 [ERROR] yfinance: $NATIONALUM.NS: possibly delisted; no price data found  (period=9mo)
2026-05-07 22:10:53,208 [ERROR] yfinance: 
1 Failed download:
2026-05-07 22:10:53,208 [ERROR] yfinance: ['NATIONALUM.NS']: possibly delisted; no price data found  (period=9mo)
2026-05-07 22:10:53,210 [INFO] analyzer: No OHLC for NATIONALUM, skipping
2026-05-07 22:10:53,215 [ERROR] yfinance: $LTF.NS: possibly delisted; no price data found  (period=9mo)
2026-05-07 22:10:53,221 [ERROR] yfinance: 
1 Failed download:
2026-05-07 22:10:53,221 [ERROR] yfinance: ['LTF.NS']: possibly delisted; no price data found  (period=9mo)
2026-05-07 22:10:53,222 [INFO] analyzer: No OHLC for LTF, skipping
2026-05-07 22:10:53,228 [ERROR] yfinance: Failed to get ticker 'ESILVER.NS' reason: Failed to perform, curl: (6) Could not resolve host: query2.finance.yahoo.com. See https://curl.se/libcurl/c/libcurl-errors.html first for more details.
2026-05-07 22:10:53,234 [ERROR] yfinance: $ESILVER.NS: possibly delisted; no price data found  (period=9mo)
2026-05-07 22:10:53,234 [ERROR] yfinance: 
1 Failed download:
2026-05-07 22:10:53,234 [ERROR] yfinance: ['ESILVER.NS']: possibly delisted; no price data found  (period=9mo)
2026-05-07 22:10:53,236 [INFO] analyzer: No OHLC for ESILVER, skipping
2026-05-07 22:10:53,241 [ERROR] yfinance: Failed to get ticker 'SILVERAG.NS' reason: Failed to perform, curl: (6) Could not resolve host: query2.finance.yahoo.com. See https://curl.se/libcurl/c/libcurl-errors.html first for more details.
2026-05-07 22:10:53,245 [ERROR] yfinance: $SILVERAG.NS: possibly delisted; no price data found  (period=9mo)
2026-05-07 22:10:53,246 [ERROR] yfinance: 
1 Failed download:
2026-05-07 22:10:53,246 [ERROR] yfinance: ['SILVERAG.NS']: possibly delisted; no price data found  (period=9mo)
2026-05-07 22:10:53,248 [INFO] analyzer: No OHLC for SILVERAG, skipping
2026-05-07 22:10:53,253 [ERROR] yfinance: Failed to get ticker 'SILVERADD.NS' reason: Failed to perform, curl: (6) Could not resolve host: query2.finance.yahoo.com. See https://curl.se/libcurl/c/libcurl-errors.html first for more details.
2026-05-07 22:10:53,258 [ERROR] yfinance: $SILVERADD.NS: possibly delisted; no price data found  (period=9mo)
2026-05-07 22:10:53,259 [ERROR] yfinance: 
1 Failed download:
2026-05-07 22:10:53,259 [ERROR] yfinance: ['SILVERADD.NS']: possibly delisted; no price data found  (period=9mo)
2026-05-07 22:10:53,261 [INFO] analyzer: No OHLC for SILVERADD, skipping
2026-05-07 22:10:53,266 [ERROR] yfinance: $LIQUIDCASE.NS: possibly delisted; no price data found  (period=9mo)
2026-05-07 22:10:53,272 [ERROR] yfinance: 
1 Failed download:
2026-05-07 22:10:53,272 [ERROR] yfinance: ['LIQUIDCASE.NS']: possibly delisted; no price data found  (period=9mo)
2026-05-07 22:10:53,273 [INFO] analyzer: No OHLC for LIQUIDCASE, skipping
2026-05-07 22:10:53,279 [ERROR] yfinance: $MOPSE.NS: possibly delisted; no price data found  (period=9mo)
2026-05-07 22:10:53,284 [ERROR] yfinance: 
1 Failed download:
2026-05-07 22:10:53,284 [ERROR] yfinance: ['MOPSE.NS']: possibly delisted; no price data found  (period=9mo)
2026-05-07 22:10:53,286 [INFO] analyzer: No OHLC for MOPSE, skipping
2026-05-07 22:10:53,292 [ERROR] yfinance: $GROWWLIQID.NS: possibly delisted; no price data found  (period=9mo)
2026-05-07 22:10:53,297 [ERROR] yfinance: 
1 Failed download:
2026-05-07 22:10:53,297 [ERROR] yfinance: ['GROWWLIQID.NS']: possibly delisted; no price data found  (period=9mo)
2026-05-07 22:10:53,298 [INFO] analyzer: No OHLC for GROWWLIQID, skipping
2026-05-07 22:10:53,305 [ERROR] yfinance: $MASPTOP50.NS: possibly delisted; no price data found  (period=9mo)
2026-05-07 22:10:53,309 [ERROR] yfinance: 
1 Failed download:
2026-05-07 22:10:53,309 [ERROR] yfinance: ['MASPTOP50.NS']: possibly delisted; no price data found  (period=9mo)
2026-05-07 22:10:53,311 [INFO] analyzer: No OHLC for MASPTOP50, skipping
2026-05-07 22:10:53,316 [ERROR] yfinance: $MOINFRA.NS: possibly delisted; no price data found  (period=9mo)
2026-05-07 22:10:53,322 [ERROR] yfinance: 
1 Failed download:
2026-05-07 22:10:53,322 [ERROR] yfinance: ['MOINFRA.NS']: possibly delisted; no price data found  (period=9mo)
2026-05-07 22:10:53,324 [INFO] analyzer: No OHLC for MOINFRA, skipping
2026-05-07 22:10:53,330 [ERROR] yfinance: $GILT5BETA.NS: possibly delisted; no price data found  (period=9mo)
2026-05-07 22:10:53,335 [ERROR] yfinance: 
1 Failed download:
2026-05-07 22:10:53,335 [ERROR] yfinance: ['GILT5BETA.NS']: possibly delisted; no price data found  (period=9mo)
2026-05-07 22:10:53,337 [INFO] analyzer: No OHLC for GILT5BETA, skipping
2026-05-07 22:10:53,342 [ERROR] yfinance: $UJJIVANSFB.NS: possibly delisted; no price data found  (period=9mo)
2026-05-07 22:10:53,347 [ERROR] yfinance: 
1 Failed download:
2026-05-07 22:10:53,348 [ERROR] yfinance: ['UJJIVANSFB.NS']: possibly delisted; no price data found  (period=9mo)
2026-05-07 22:10:53,349 [INFO] analyzer: No OHLC for UJJIVANSFB, skipping
2026-05-07 22:10:53,349 [INFO] main: Picks after technical filter: 0
2026-05-07 22:10:53,350 [INFO] main: Snapshot written: D:\FinalProject\2026_project\TestingStock\TestingStock\cache\picks_20260507_2210.json
2026-05-07 22:10:53,351 [INFO] main: Saved text output to D:\FinalProject\2026_project\TestingStock\TestingStock\stock_picks.txt
2026-05-07 22:10:53,351 [INFO] main: Dry-run — printing message instead of sending
2026-05-07 22:10:53,351 [INFO] main: === Swing scan finished ===
2026-05-07 22:18:23,859 [INFO] main: === Swing scan starting ===
2026-05-07 22:18:28,020 [INFO] main: === Swing scan starting ===
2026-05-07 22:18:55,439 [INFO] main: === Swing scan starting ===
2026-05-07 22:19:46,044 [INFO] main: === Swing scan starting ===
2026-05-07 22:19:47,399 [INFO] chartink_scanner: Chartink scan 'momentum_breakout' returned 142 rows
2026-05-07 22:19:48,640 [INFO] chartink_scanner: Chartink scan 'macd_bullish_cross' returned 67 rows
2026-05-07 22:19:49,039 [INFO] chartink_scanner: Chartink scan 'ema20_pullback' returned 200 rows
2026-05-07 22:19:49,289 [INFO] chartink_scanner: Chartink scan 'near_52w_high_breakout' returned 60 rows
2026-05-07 22:19:49,595 [INFO] chartink_scanner: Chartink scan 'volume_spike_bull' returned 99 rows
2026-05-07 22:19:50,018 [INFO] chartink_scanner: Chartink scan 'vcp_squeeze' returned 48 rows
2026-05-07 22:19:50,019 [INFO] main: Total raw hits: 616
2026-05-07 22:19:50,019 [INFO] main: After dedupe: 460 unique candidates
2026-05-07 22:20:33,558 [INFO] analyzer: No OHLC for CMPDI, skipping
2026-05-07 22:20:37,998 [INFO] analyzer: No OHLC for MARSONS, skipping
2026-05-07 22:21:01,635 [INFO] analyzer: No OHLC for BONLON, skipping
2026-05-07 22:21:22,222 [ERROR] yfinance: HTTP Error 404: {"quoteSummary":{"result":null,"error":{"code":"Not Found","description":"Quote not found for symbol: NIFTY50EQLWGT.NS"}}}
2026-05-07 22:21:23,649 [ERROR] yfinance: $NIFTY50EQLWGT.NS: possibly delisted; no price data found  (period=9mo) (Yahoo error = "No data found, symbol may be delisted")
2026-05-07 22:21:23,657 [ERROR] yfinance: 
1 Failed download:
2026-05-07 22:21:23,657 [ERROR] yfinance: ['NIFTY50EQLWGT.NS']: possibly delisted; no price data found  (period=9mo) (Yahoo error = "No data found, symbol may be delisted")
2026-05-07 22:21:23,659 [INFO] analyzer: No OHLC for NIFTY50EQLWGT, skipping
2026-05-07 22:21:24,871 [ERROR] yfinance: $CNXINFRA.NS: possibly delisted; no price data found  (period=9mo)
2026-05-07 22:21:24,876 [ERROR] yfinance: 
1 Failed download:
2026-05-07 22:21:24,876 [ERROR] yfinance: ['CNXINFRA.NS']: possibly delisted; no price data found  (period=9mo)
2026-05-07 22:21:24,878 [INFO] analyzer: No OHLC for CNXINFRA, skipping
2026-05-07 22:21:27,080 [ERROR] yfinance: HTTP Error 404: {"quoteSummary":{"result":null,"error":{"code":"Not Found","description":"Quote not found for symbol: NIFTY100LIQ15.NS"}}}
2026-05-07 22:21:28,048 [ERROR] yfinance: $NIFTY100LIQ15.NS: possibly delisted; no price data found  (period=9mo) (Yahoo error = "No data found, symbol may be delisted")
2026-05-07 22:21:28,057 [ERROR] yfinance: 
1 Failed download:
2026-05-07 22:21:28,057 [ERROR] yfinance: ['NIFTY100LIQ15.NS']: possibly delisted; no price data found  (period=9mo) (Yahoo error = "No data found, symbol may be delisted")
2026-05-07 22:21:28,059 [INFO] analyzer: No OHLC for NIFTY100LIQ15, skipping
2026-05-07 22:21:28,637 [ERROR] yfinance: $NIFTYCPSE.NS: possibly delisted; no price data found  (period=9mo)
2026-05-07 22:21:28,646 [ERROR] yfinance: 
1 Failed download:
2026-05-07 22:21:28,646 [ERROR] yfinance: ['NIFTYCPSE.NS']: possibly delisted; no price data found  (period=9mo)
2026-05-07 22:21:28,648 [INFO] analyzer: No OHLC for NIFTYCPSE, skipping
2026-05-07 22:21:33,863 [INFO] analyzer: No OHLC for NIFTYGS15YRPLUS, skipping
2026-05-07 22:21:36,656 [ERROR] yfinance: $NIFTYGS48YR.NS: possibly delisted; no price data found  (period=9mo) (Yahoo error = "No data found, symbol may be delisted")
2026-05-07 22:21:36,665 [ERROR] yfinance: 
1 Failed download:
2026-05-07 22:21:36,665 [ERROR] yfinance: ['NIFTYGS48YR.NS']: possibly delisted; no price data found  (period=9mo) (Yahoo error = "No data found, symbol may be delisted")
2026-05-07 22:21:36,667 [INFO] analyzer: No OHLC for NIFTYGS48YR, skipping
2026-05-07 22:21:38,550 [ERROR] yfinance: $NIFTYGS1115YR.NS: possibly delisted; no price data found  (period=9mo) (Yahoo error = "No data found, symbol may be delisted")
2026-05-07 22:21:38,556 [ERROR] yfinance: 
1 Failed download:
2026-05-07 22:21:38,556 [ERROR] yfinance: ['NIFTYGS1115YR.NS']: possibly delisted; no price data found  (period=9mo) (Yahoo error = "No data found, symbol may be delisted")
2026-05-07 22:21:38,558 [INFO] analyzer: No OHLC for NIFTYGS1115YR, skipping
2026-05-07 22:21:40,876 [ERROR] yfinance: $NIFTYGSCOMPSITE.NS: possibly delisted; no price data found  (period=9mo) (Yahoo error = "No data found, symbol may be delisted")
2026-05-07 22:21:40,880 [ERROR] yfinance: 
1 Failed download:
2026-05-07 22:21:40,880 [ERROR] yfinance: ['NIFTYGSCOMPSITE.NS']: possibly delisted; no price data found  (period=9mo) (Yahoo error = "No data found, symbol may be delisted")
2026-05-07 22:21:40,882 [INFO] analyzer: No OHLC for NIFTYGSCOMPSITE, skipping
2026-05-07 22:21:42,893 [ERROR] yfinance: $NIFTYGS813YR.NS: possibly delisted; no price data found  (period=9mo) (Yahoo error = "No data found, symbol may be delisted")
2026-05-07 22:21:42,900 [ERROR] yfinance: 
1 Failed download:
2026-05-07 22:21:42,900 [ERROR] yfinance: ['NIFTYGS813YR.NS']: possibly delisted; no price data found  (period=9mo) (Yahoo error = "No data found, symbol may be delisted")
2026-05-07 22:21:42,903 [INFO] analyzer: No OHLC for NIFTYGS813YR, skipping
2026-05-07 22:21:43,895 [INFO] analyzer: No OHLC for NIFTYGS10YR, skipping
2026-05-07 22:21:48,934 [INFO] analyzer: No OHLC for BHARATBOND-APR30, skipping
2026-05-07 22:22:13,268 [INFO] analyzer: No OHLC for RMC, skipping
2026-05-07 22:22:41,540 [INFO] analyzer: No OHLC for INA, skipping
2026-05-07 22:22:44,804 [INFO] analyzer: No OHLC for HSBCGOLD, skipping
2026-05-07 22:23:07,100 [INFO] analyzer: No OHLC for GROWWPSUBK, skipping
2026-05-07 22:23:15,806 [INFO] analyzer: No OHLC for SINGERIND, skipping
2026-05-07 22:25:25,612 [ERROR] yfinance: $BBOX.NS: possibly delisted; no price data found  (period=9mo)
2026-05-07 22:25:25,621 [ERROR] yfinance: 
1 Failed download:
2026-05-07 22:25:25,621 [ERROR] yfinance: ['BBOX.NS']: possibly delisted; no price data found  (period=9mo)
2026-05-07 22:25:25,624 [INFO] analyzer: No OHLC for BBOX, skipping
2026-05-07 22:25:37,996 [ERROR] yfinance: Failed to get ticker 'BAJAJCON.NS' reason: Failed to perform, curl: (28) Operation timed out after 10006 milliseconds with 0 bytes received. See https://curl.se/libcurl/c/libcurl-errors.html first for more details.
2026-05-07 22:28:00,264 [INFO] main: Picks after technical filter: 6
2026-05-07 22:28:00,268 [INFO] main: Snapshot written: D:\FinalProject\2026_project\TestingStock\TestingStock\cache\picks_20260507_2228.json
2026-05-07 22:28:00,268 [INFO] main: Saved text output to D:\FinalProject\2026_project\TestingStock\TestingStock\stock_picks.txt
2026-05-07 22:28:00,269 [INFO] main: Dry-run — printing message instead of sending
2026-05-07 22:28:00,269 [INFO] main: === Swing scan finished ===
